source_text_sha256,source_text_zh,display_text_en,review_status
01673def9c55673dbfa34828f385b384f879b0621beecca1a24cd23f46cba72c,【国家发改委主任郑栅洁：坚定实施扩大内需战略】国家发改委主任郑栅洁在《学习时报》发表文章指出，坚定实施扩大内需战略。要更好统筹扩大内需和深化供给侧结构性改革，增强国内大循环动力和可靠性。充分发挥消费对经济增长的基础性作用。多渠道增加城乡居民收入，稳定汽车等大宗消费，推动新能源汽车下乡，培育壮大绿色消费、服务消费等消费新热点。进一步增强投资对优化供给结构的关键作用。加快实施“十四五”规划102项重大工程及其他经济社会重大项目建设，推动能源、水利、交通等重大基础设施及新型基础设施建设，发挥政府投资和政策激励的引导作用，有效激发民间投资活力。,"[NDRC Chairman Zheng Shanjie: Firmly Implement the Strategy of Expanding Domestic Demand] NDRC Chairman Zheng Shanjie wrote in an article published in Study Times that the strategy of expanding domestic demand should be firmly implemented. The expansion of domestic demand should be better coordinated with deepening supply-side structural reform to strengthen the momentum and reliability of the domestic economic cycle. The fundamental role of consumption in economic growth should be fully leveraged. Urban and rural residents' incomes should be increased through multiple channels, consumption of major items such as automobiles should be stabilised, new-energy vehicles should be promoted in rural areas, and new growth areas in consumption, including green consumption and service consumption, should be fostered and expanded. The key role of investment in optimising the supply structure should be further strengthened. Implementation of the 102 major projects under the 14th Five-Year Plan and other major economic and social projects should be accelerated; major infrastructure and new infrastructure construction in areas including energy, water conservancy and transport should be advanced; the guiding role of government investment and policy incentives should be leveraged; and the vitality of private investment should be effectively stimulated.",REVIEWED
0184ad5de07a0a64ce930e6120a748bc0bfd71538583e81bba951cf61dab804e,中国央行于6月15日进行2370亿元的一年期MLF操作，利率从2.75%降至2.65%。当天有2000亿元的MLF到期。,"On June 15, the People's Bank of China conducted RMB 237 billion of one-year medium-term lending facility (MLF) operations, with the interest rate lowered from 2.75% to 2.65%. RMB 200 billion of MLF funds matured on the same day.",REVIEWED
078bd99dee2d022bdaa37fc6592b37bdfd24600a3bf4a617e0fb1687c32dd89d,国务院办公厅近日印发《指导意见》，计划到2030年基本建成高质量充电基础设施体系，以解决新能源汽车发展中的“充电焦虑”问题。该意见强调要补齐城乡充电基础设施短板，建设便捷的城际和城市群充电网络，并积极推进居住区的充电设施建设。同时，鼓励各类社会资本参与投资，提高运营服务水平，推动技术研究与商业合作。为支持政策落实，《指导意见》还提出优化电价政策、减免租金、提供资金支持等措施，以促进新能源汽车产业发展，实现碳达峰碳中和目标。,"The General Office of the State Council recently issued Guiding Opinions, planning to basically establish a high-quality charging infrastructure system by 2030 in order to address the problem of ""charging anxiety"" in the development of new-energy vehicles. The document emphasises addressing shortcomings in urban and rural charging infrastructure, building convenient intercity and urban-cluster charging networks, and actively advancing the construction of charging facilities in residential areas. At the same time, various forms of private capital are encouraged to participate in investment, operational service standards are to be improved, and technological research and commercial cooperation are to be promoted. To support implementation of the policy, the Guiding Opinions also propose measures including optimising electricity pricing policies, reducing or waiving rents, and providing financial support, in order to promote development of the new-energy vehicle industry and achieve the goals of carbon peaking and carbon neutrality.",REVIEWED
097588690568cc35ea27d5eb94f3715f31e8466f8a4051b755266b5eec2f5308,6月21日，财政部副部长许宏才在国务院政策例行吹风会上宣布，新能源汽车购置税减免政策将延续至2027年底。自2024年1月1日起至2025年12月31日期间，新能源汽车免征购置税，每辆车最高免税额为3万元；从2026年起到2027年，将减半征收购置税，最高减税额为1.5万元。预计该政策将在2024年至2027年间减少车辆购置税总额约5200亿元。这项政策旨在进一步推动新能源汽车的普及，并适应市场需求，其中低价车型将享受更大的减免额度。根据最新数据，新能源汽车市场渗透率持续上升，产销量显著增长。,"On June 21, Vice Minister of Finance Xu Hongcai announced at a State Council regular policy briefing that the vehicle purchase-tax reduction and exemption policy for new-energy vehicles would be extended through the end of 2027. From January 1, 2024 to December 31, 2025, new-energy vehicles will be exempt from vehicle purchase tax, with a maximum tax exemption of RMB 30,000 per vehicle; from 2026 through 2027, vehicle purchase tax will be levied at half the normal rate, with a maximum tax reduction of RMB 15,000 per vehicle. The policy is expected to reduce vehicle purchase tax by approximately RMB 520 billion in total from 2024 to 2027. The policy is intended to further promote the adoption of new-energy vehicles and adapt to market demand, with lower-priced models receiving a greater degree of tax relief. According to the latest data, the market penetration rate of new-energy vehicles continues to rise, with production and sales increasing significantly.",REVIEWED
0afc612b8d376b2b99f86dc21d1a243f4ccabcb8aa4da3629910d18893df2e7f,6月15日，中国央行宣布将中期借贷便利（MLF）利率下调10个基点至2.65%，并进行2370亿元的1年期MLF操作，实现净投放370亿元。此次降息是为了维护银行体系流动性和刺激经济，响应近期经济回暖乏力和低通胀压力。分析师指出，随着政策利率下调，企业和居民贷款利率可能会进一步下降，特别是在房地产市场转弱背景下。此外，预计本月贷款市场报价利率（LPR）也将跟随调整，其中1年期LPR可能下调0.05个百分点，而5年期以上LPR则可能下调0.15个百分点。,"On June 15, the People's Bank of China announced that it would lower the medium-term lending facility (MLF) rate by 10 basis points to 2.65% and conduct RMB 237 billion of one-year MLF operations, resulting in a net injection of RMB 37 billion. The rate cut was intended to maintain liquidity in the banking system and stimulate the economy in response to the recent weak economic recovery and low inflationary pressure. Analysts noted that, following the reduction in policy rates, lending rates for enterprises and households may fall further, particularly against the backdrop of a weakening property market. In addition, the loan prime rates (LPRs) are expected to be adjusted accordingly this month, with the one-year LPR potentially falling by 0.05 percentage points and the LPR for maturities of more than five years potentially falling by 0.15 percentage points.",REVIEWED
11939ce4c3481175631a6935ae41f48e2437a2c1598607d1392ddb5b6b048d6c,中国人民银行授权全国银行间同业拆借中心公布，2023年6月20日贷款市场报价利率（LPR）为：1年期LPR为3.55%，此前为3.65%，5年期以上LPR为4.2%，此前为4.3%。以上LPR在下一次发布LPR之前有效。,"The People's Bank of China authorised the National Interbank Funding Center to announce that the loan prime rates (LPRs) on June 20, 2023 were as follows: the one-year LPR was 3.55%, compared with 3.65% previously, and the LPR for maturities of more than five years was 4.2%, compared with 4.3% previously. These LPRs will remain effective until the next LPR announcement.",REVIEWED
14060f3cacbf85971ad440fcbca42dd576da9ba12c8a51bdb27960ade9011c39,7月5日，卫宁健康发布公告称，公司实控人和董事长周炜因涉嫌行贿罪被茂名市监察委员会立案调查并实施留置。自7月3日以来，卫宁健康股价从10.82元跌至7.72元，跌幅达28.65%，市值蒸发66.59亿元，目前市值为165.8亿元。根据2019年公布的裁定书，周炜曾因试图影响IPO申请而向证监会前委员孙小波行贿1万欧元。,"On July 5, Winning Health Technology Group announced that Zhou Wei, the company's actual controller and chairman, had been placed under investigation and detention by the Maoming Municipal Supervisory Commission on suspicion of bribery. Since July 3, Winning Health's share price has fallen from RMB 10.82 to RMB 7.72, a decline of 28.65%, with RMB 6.659 billion in market value erased; its current market value is RMB 16.58 billion. According to a ruling published in 2019, Zhou Wei had previously bribed Sun Xiaobo, a former member of the China Securities Regulatory Commission, with EUR 10,000 in an attempt to influence an IPO application.",REVIEWED
154dd4beea6cc8f0a7259cdc8fe2eb164bf6a0df0af3cb4b8486408a97b5f48d,【美联储宣布本次会议不加息】美联储宣布本次会议不加息，维持联邦基金利率目标区间在5%至5.25%，这是美联储自去年3月以来累计加息十次后首次暂停加息。,"[Federal Reserve Announces No Rate Increase at This Meeting] The Federal Reserve announced that it would not raise interest rates at this meeting and would maintain the target range for the federal funds rate at 5% to 5.25%. This was the first pause in rate increases since March last year, after the Federal Reserve had raised rates ten times in total.",REVIEWED
17abfc8a18e9dd36a9d77c3352a84c2a9fb6b885a7cf9698aa00bf749e09a23a,据经参，LPR年内首次下调“如期而至”。业内人士表示，LPR下调有助于稳增长、降成本和提信心。展望未来，在全力支持实体经济之际，后续或有更多“稳增长”政策推出，货币政策将继续加大逆周期和跨周期调节力度，为宏观经济加快恢复创造更加适宜...,"According to Economic Information Daily, the first LPR reduction of the year ""arrived as expected."" Industry participants said that the LPR reduction would help stabilise growth, reduce costs and boost confidence. Looking ahead, as efforts are made to fully support the real economy, more ""growth-stabilising"" policies may be introduced, and monetary policy will continue to strengthen counter-cyclical and cross-cyclical adjustments, creating more suitable conditions for a faster macroeconomic recovery...",REVIEWED
1affc3313179a89e3871adffd653b0f6be12b741eb195d2528a006966168d565,财政部、税务总局和工信部于6月21日联合发布公告，决定延续新能源汽车购置税减免政策：2024年1月1日至2025年12月31日期间购置的新能源汽车免征购置税，而在2026年至2027年期间则减半征收。此次政策是对之前购置税优惠措施的第四次延期，自2014年以来该政策逐步推行以刺激市场。根据初步估算，延长政策将使得2024至2027年的减免车辆购置税规模达到5200亿元。此外，公告设定了每辆新能源乘用车的最高免税额为3万元，以及减半征收的最高额度为1.5万元，以更精准地引导市场。同时，该政策还针对换电模式进行了相关规定。此消息推动了港股新能源汽车股票上涨。,"On June 21, the Ministry of Finance, the State Taxation Administration and the Ministry of Industry and Information Technology jointly issued an announcement extending the vehicle purchase-tax reduction and exemption policy for new-energy vehicles: new-energy vehicles purchased from January 1, 2024 to December 31, 2025 will be exempt from vehicle purchase tax, while those purchased from 2026 through 2027 will be taxed at half the normal rate. This is the fourth extension of the previous vehicle purchase-tax preferential policy, which has been implemented progressively since 2014 to stimulate the market. According to preliminary estimates, the extension will bring the total scale of vehicle purchase-tax reductions and exemptions from 2024 to 2027 to RMB 520 billion. In addition, the announcement sets a maximum tax exemption of RMB 30,000 per new-energy passenger vehicle and a maximum tax reduction of RMB 15,000 for the half-rate period, in order to guide the market more precisely. The policy also includes relevant provisions for battery-swapping models. The news drove up Hong Kong-listed new-energy vehicle stocks.",REVIEWED
1ca66b60f1a84e1655e2c2298f485fb044d45fd7f0e12ea04fe4e1dc343c5365,【习近平主持召开中央全面深化改革委员会第二次会议强调 建设更高水平开放型经济新体制 推动能耗双控逐步转向碳排放双控】中共中央总书记、国家主席、中央军委主席、中央全面深化改革委员会主任习近平7月11日下午主持召开中央全面深化改革委员会第二次会议，审议通过了《关于建设更高水平开放型经济新体制促进构建新发展格局的意见》、《深化农村改革实施方案》、《关于推动能耗双控逐步转向碳排放双控的意见》、《关于高等学校、科研院所薪酬制度改革试点的意见》、《关于进一步深化石油天然气市场体系改革提升国家油气安全保障能力的实施意见》、《关于深化电力体制改革加快构建新型电力系统的指导意见》。（央视新闻）,"[Xi Jinping Chairs the Second Meeting of the Central Commission for Comprehensively Deepening Reform, Emphasising the Establishment of a Higher-Standard Open-Economy System and Promoting a Gradual Shift from Dual Controls on Energy Consumption to Dual Controls on Carbon Emissions] Xi Jinping, General Secretary of the Communist Party of China Central Committee, President of China, Chairman of the Central Military Commission, and Director of the Central Commission for Comprehensively Deepening Reform, chaired the second meeting of the Central Commission for Comprehensively Deepening Reform on the afternoon of July 11. The meeting reviewed and approved the Opinions on Establishing a Higher-Standard Open-Economy System to Promote the Creation of a New Development Pattern, the Implementation Plan for Deepening Rural Reform, the Opinions on Promoting a Gradual Shift from Dual Controls on Energy Consumption to Dual Controls on Carbon Emissions, the Opinions on Piloting Reform of the Remuneration System at Higher-Education Institutions and Research Institutes, the Implementation Opinions on Further Deepening Reform of the Oil and Gas Market System and Enhancing the Country's Capacity to Safeguard Oil and Gas Security, and the Guiding Opinions on Deepening Power-System Reform and Accelerating the Establishment of a New Power System. (CCTV News)",REVIEWED
1dc9a99e227ee770536d410a7627ec7a32bba6497254dcd5dc9465dc6e41cfb5,中国人民银行货币政策委员会于近期召开了2023年第二季度例会，提出了加大逆周期调节力度、保交楼贷款支持计划和支持科技型企业融资行动方案等重要意见。这些措施将成为下半年货币政策的关键内容。会议强调要加强逆周期调节，可能在需要时采取降准和降息等工具；同时，继续实施“保交楼贷款支持计划”，以稳定房地产市场并推动经济恢复；此外，还提到要落实对科技型企业的融资支持方案，以促进实体经济发展。会议指出金融政策调整应适应经济形势变化，并呼吁商业银行与地方政府协调实施相关政策。,"The Monetary Policy Committee of the People's Bank of China recently held its regular meeting for the second quarter of 2023 and put forward important views including intensifying countercyclical adjustments, the loan-support programme for ensuring the delivery of pre-sold homes, and an action plan to support financing for technology companies. These measures will become key elements of monetary policy in the second half of the year. The meeting stressed the need to strengthen countercyclical adjustments, possibly using tools such as cuts to the reserve requirement ratio and interest rates when needed; at the same time, to continue implementing the loan-support programme for ensuring the delivery of pre-sold homes in order to stabilise the property market and promote economic recovery; and, in addition, to implement the financing-support plan for technology companies in order to promote development of the real economy. The meeting stated that financial-policy adjustments should adapt to changes in economic conditions and called on commercial banks and local governments to coordinate the implementation of the relevant policies.",REVIEWED
25db4f87946e3fbf53b1b1e864863bc8fdf51fb7af893d5a151e456891d58eaa,6月20日，中国人民银行公布1年期贷款市场报价利率（LPR）下调至3.55%，5年期以上LPR降至4.2%，均降低10个基点。这是自2022年8月以来的首次下调，旨在刺激实体经济和提振房地产市场信心。专家分析认为，LPR的下降将促进银行贷款利率降低，从而激发融资需求并有助于房地产平稳发展。此外，业内人士预测后续货币政策可能进一步加码，包括降准和推出结构性政策工具，以支持高技术制造业等领域的发展。,"On June 20, the People's Bank of China announced that the one-year loan prime rate (LPR) had been lowered to 3.55% and the LPR for terms of more than five years had been lowered to 4.2%, both decreases of 10 basis points. This was the first reduction since August 2022 and was intended to stimulate the real economy and bolster confidence in the property market. Experts analysed that the decline in the LPR would lead to lower bank lending rates, thereby stimulating financing demand and helping the property sector develop steadily. In addition, industry participants predicted that monetary policy might be intensified further, including a cut to the reserve requirement ratio and the introduction of structural policy tools, to support the development of fields such as high-technology manufacturing.",REVIEWED
2e8a417985fdbdb6f8998c3786419f347cfb62e298f5a59d35b62c138742ddb4,"7月3日，卫宁健康公告称，公司实际控制人和董事长周炜于7月1日被茂名市监察委员会实施留置措施。公司其他管理层正常履职，目前经营未受影响。卫宁健康成立于1994年，是国内医疗健康信息化的龙头企业，截至公告发布，股价跌停至8.66元，总市值186亿元。周炜持有176,474,241股，估算市值约15.24亿元，其年薪为75万元。此外，卫宁健康正在研发医疗AI大语言模型WiNGPT，并与华为云建立战略合作关系。","On July 3, Winning Health announced that Zhou Wei, the company's actual controller and chairman, had been placed under detention measures by the Maoming Municipal Supervisory Commission on July 1. The company's other management personnel are performing their duties normally, and operations have not currently been affected. Founded in 1994, Winning Health is a leading domestic healthcare informatisation company. As of the announcement, its share price had fallen by the daily limit to RMB 8.66, giving it a total market capitalisation of RMB 18.6 billion. Zhou Wei holds 176,474,241 shares with an estimated market value of approximately RMB 1.524 billion, and his annual salary is RMB 750,000. In addition, Winning Health is developing the medical AI large language model WiNGPT and has established a strategic partnership with Huawei Cloud.",REVIEWED
2f8094999b42674611d1824ba6c5648e37654a1c5450af724ca08df58e939bcc,据中证报，中国人民银行授权全国银行间同业拆借中心6月20日公布，1年期贷款市场报价利率（LPR）为3.55%，5年期以上LPR为4.2%，均较上一期下降10个基点。专家认为，LPR下调将带动银行贷款利率下行，进而激发实体经济融资需求、提振房地产市场信心...,"According to China Securities Journal, the National Interbank Funding Center, authorised by the People's Bank of China, announced on June 20 that the one-year loan prime rate (LPR) was 3.55% and the LPR for terms of more than five years was 4.2%, both down 10 basis points from the previous period. Experts believe that the LPR reductions will drive bank lending rates lower, thereby stimulating financing demand in the real economy and bolstering confidence in the property market...",REVIEWED
33289805e533e7abccf72d3eb56142f6198e414e305e5c38d2be3cd2351479be,中国人民银行货币政策委员会于6月28日在北京召开了2023年第二季度例会，会议指出当前宏观经济需求仍不强，外部环境复杂严峻，国内经济复苏力度不足。新增表述“内生动力还不强、需求驱动仍不足”反映出消费和投资增速低迷。央行强调将加大宏观政策调控力度，实施稳健的货币政策，并支持扩大内需和改善消费环境。同时，为应对人民币贬值风险，会议提出要稳定汇率并深化市场化改革。此外，物价走势受到关注，但预计下半年CPI将逐步回升。,"The Monetary Policy Committee of the People's Bank of China held its regular meeting for the second quarter of 2023 in Beijing on June 28. The meeting stated that current macroeconomic demand remained weak, the external environment was complex and severe, and the domestic economic recovery lacked strength. The new wording, 'endogenous momentum remains weak and demand-driven growth remains insufficient,' reflected sluggish growth in consumption and investment. The central bank stressed that it would intensify macro-policy regulation, implement prudent monetary policy, and support the expansion of domestic demand and improvement of the consumption environment. At the same time, to address the risk of renminbi depreciation, the meeting proposed stabilising the exchange rate and deepening market-oriented reforms. In addition, price trends received attention, although the CPI was expected to rise gradually in the second half of the year.",REVIEWED
333f1cca0bb8c098531136d6caa6e30620b553bd0783985fedc147e3dbb19d38,中国人民银行近期下调了MLF操作利率和7天期逆回购利率，市场人士普遍认为这可能标志着降息周期的开始。5月份的金融数据显示，社会融资规模和人民币贷款均低于预期，这引发了对政策加码的预期。分析师指出，此次降息旨在刺激经济，缓解疲软的信贷需求。尽管降息是一个积极信号，但专家认为仍需更多政策支持来提振经济活力，包括降低存款准备金率和加强对房地产等行业的支持措施。同时，市场预计未来LPR也将随之调整，以进一步促进信贷增长。,"The People's Bank of China recently lowered the medium-term lending facility (MLF) operation rate and the seven-day reverse-repurchase rate, and market participants generally believe this may mark the beginning of an interest-rate-cut cycle. Financial data for May showed that both aggregate social financing and renminbi loans were below expectations, prompting expectations of stronger policy action. Analysts noted that the rate cuts were intended to stimulate the economy and alleviate weak credit demand. Although the rate cuts were a positive signal, experts believed that more policy support was still needed to boost economic vitality, including reducing the reserve requirement ratio and strengthening support measures for sectors such as property. At the same time, the market expected the LPR to be adjusted accordingly in the future to promote further credit growth.",REVIEWED
338a16bbccddc9b54f799429908658681756d2b2c7ace16453cef79d428bf7fa,6月15日，中国人民银行宣布中期借贷便利（MLF）利率下调10个基点，此前7天期逆回购利率也已下降。这是自去年8月以来的首次MLF利率调整，分析师普遍预计6月份贷款市场报价利率（LPR）将大概率非对称下调，从而降低企业和居民特别是房贷利率。当前经济景气水平有所回落，政策利率的接连下调旨在提振市场信心并支持实体经济发展。,"On June 15, the People's Bank of China announced a 10-basis-point reduction in the medium-term lending facility (MLF) rate, after the seven-day reverse-repurchase rate had also fallen. This was the first adjustment to the MLF rate since August last year. Analysts generally expected the loan prime rates (LPRs) for June to be highly likely to decline asymmetrically, thereby reducing rates for businesses and households, particularly mortgage rates. The current level of economic activity had declined somewhat, and the successive reductions in policy rates were intended to bolster market confidence and support development of the real economy.",REVIEWED
35ed4d767f53f776e5c4c14a9db5dc1cd040bf094a96942e3191d3d86a33cff5,【央行：进一步疏通货币政策传导机制 保持流动性合理充裕】央行货币政策委员会召开2023年第二季度例会，进一步疏通货币政策传导机制，保持流动性合理充裕，保持信贷合理增长、节奏平稳，保持货币供应量和社会融资规模增速同名义经济增速基本匹配。继续发挥好已投放的政策性开发性金融工具资金作用，增强政府投资和政策激励的引导作用，有效带动激发民间投资。关注物价走势边际变化，保持物价水平基本稳定。保持再贷款再贴现工具的稳定性，延续实施普惠小微贷款支持工具和保交楼贷款支持计划，继续加大对普惠金融、绿色发展、科技创新、基础设施建设等国民经济重点领域和薄弱环节的支持力度，综合施策支持区域协调发展。,"[Central Bank: Further Unblock the Monetary-Policy Transmission Mechanism and Maintain Reasonably Ample Liquidity] The Monetary Policy Committee of the central bank held its regular meeting for the second quarter of 2023. It called for further unblocking the monetary-policy transmission mechanism, maintaining reasonably ample liquidity, keeping credit growth reasonable and its pace steady, and keeping growth in the money supply and aggregate social financing broadly in line with nominal economic growth. It called for continuing to make good use of funds already deployed through policy-based and development-oriented financial instruments, enhancing the guiding role of government investment and policy incentives, and effectively driving and stimulating private investment. It called for monitoring marginal changes in price trends and keeping the overall price level broadly stable. It called for maintaining the stability of relending and rediscount instruments, extending the implementation of the support instrument for inclusive loans to micro and small businesses and the loan-support programme for ensuring delivery of pre-sold homes, continuing to increase support for key fields and weak links in the national economy such as inclusive finance, green development, technological innovation, and infrastructure construction, and using a combination of measures to support coordinated regional development.",REVIEWED
3655ee58256d4e8a6aa0429a57451cbd58f341a131b9ce6f24bb9ab597dd0e77,【新能源汽车购置税减免政策出台 理想：达成目标没有任何借口 蔚来：相对燃油豪华车优势巨大】6月21日，财政部、税务总局、工业和信息化部联合发布《关于延续和优化新能源汽车车辆购置税减免政策的公告》明确：2024-2025年，购置新能源汽车免征车辆购置税；2026-2027年，购置税减半征收。对此，作为中国新能源造车新势力代表的蔚来和理想汽车迅速给予积极回应，表达对新政策的欢迎。“非常好，直接给出了四年的稳定政策，我们团队要达成2025年的公司战略目标就没有任何借口了。2025年销售160万辆，营收5000亿元，2026年初验证！”理想汽车创始人、董事长李想表示。蔚来有关负责人表示，从现在到2027年，纯电动车仍然享有购置税减免优惠，这将使得蔚来相对于燃油豪华车在购置成本上有巨大优势。新的纯电动车购置税政策实施后，根据新政策，蔚来换电模式下的车电分离方式，可以明显帮助用户降低购车成本，减少在购车环节的购置税支出。（上证报）,"[New-Energy Vehicle Purchase-Tax Relief Policy Introduced; Li Auto: No Excuse for Failing to Meet the Target; NIO: Huge Advantage over Luxury Fuel Vehicles] On June 21, the Ministry of Finance, the State Taxation Administration, and the Ministry of Industry and Information Technology jointly issued the Announcement on Extending and Optimising the Vehicle Purchase-Tax Relief Policy for New-Energy Vehicles. It specified that purchases of new-energy vehicles in 2024-2025 would be exempt from vehicle purchase tax, while purchases in 2026-2027 would be subject to half the tax. In response, NIO and Li Auto, representatives of China's new generation of new-energy vehicle manufacturers, quickly responded positively and welcomed the new policy. 'This is excellent. It directly provides four years of policy stability, so our team has no excuse for failing to achieve the company's 2025 strategic goals. Sell 1.6 million vehicles and generate revenue of RMB 500 billion in 2025, to be verified at the beginning of 2026!' said Li Xiang, founder and chairman of Li Auto. A relevant NIO representative said that from now until 2027, battery-electric vehicles would continue to enjoy vehicle purchase-tax relief, giving NIO a huge advantage over luxury fuel vehicles in terms of purchase cost. After the new purchase-tax policy for battery-electric vehicles takes effect, under the new policy NIO's separation of vehicle and battery through its battery-swapping model can clearly help users lower the cost of buying a vehicle and reduce vehicle purchase-tax expenditure at the time of purchase. (Shanghai Securities News)",REVIEWED
3679bed630a4390ee90ad539d2e43704290d52551493853b77c93929984433e1,6月20日，中国人民银行宣布贷款市场报价利率（LPR）首次降息，1年期和5年期LPR均下调10个基点，分别为3.55%和4.2%。此次降息预计将降低首套房和二套房的月供，分别减少57元和60元。分析人士认为，此次降息有助于刺激实体经济、促进投资与消费，并可能进一步推动其他宏观政策措施。尽管市场对此次同步降息预期较高，但5年期LPR的下调幅度略低于预期，反映出房地产市场的调整需求。同时，银行面临净息差压力，可能会继续采取措施降低存款利率以支持实体经济。整体来看，此次政策释放了稳增长信号，为经济复苏提供了支撑。,"On June 20, the People's Bank of China announced the first interest-rate cuts to the loan prime rates (LPRs), lowering both the one-year and five-year LPRs by 10 basis points to 3.55% and 4.2%, respectively. These rate cuts were expected to reduce the monthly payments on first-home and second-home mortgages by RMB 57 and RMB 60, respectively. Analysts believed the cuts would help stimulate the real economy, promote investment and consumption, and might further drive other macro-policy measures. Although the market had relatively strong expectations of simultaneous cuts, the reduction in the five-year LPR was slightly smaller than expected, reflecting the property market's need for adjustment. At the same time, banks faced pressure on their net interest margins and might continue taking measures to lower deposit rates to support the real economy. Overall, the policy sent a signal of stabilising growth and provided support for economic recovery.",REVIEWED
369b6cfbdbb5bbdb868f570fe4a096cc2b5478b1e8c95beebc5c87bec4d3ebb4,6月16日，国务院总理李强主持召开常务会议，审议通过支持科技型企业融资的行动方案和私募投资基金监督管理条例（草案），并讨论学位法草案。会议强调要采取有力措施推动经济持续回升，包括加大宏观政策调控、扩大有效需求、优化实体经济和防范重点领域风险。同时，为科技型企业提供多元化金融服务，并强化私募基金行业的监管，以打击非法集资行为。会议指出，尽管经济整体回升，但内生动力不足的问题依然突出，需要加强政策实施和储备以确保稳增长。,"On June 16, Premier Li Qiang chaired a State Council executive meeting that reviewed and approved an action plan to support financing for technology companies and draft regulations on the supervision and administration of private investment funds, and discussed a draft academic degrees law. The meeting stressed the need to adopt forceful measures to promote a sustained economic recovery, including strengthening macro-policy regulation, expanding effective demand, optimising the real economy, and guarding against risks in key fields. It also called for providing diversified financial services to technology companies and strengthening supervision of the private-fund industry to combat illegal fundraising. The meeting stated that although the economy was recovering overall, insufficient endogenous momentum remained a prominent problem, and policy implementation and reserves needed to be strengthened to ensure stable growth.",REVIEWED
3cde5c77854919f4b4b8224c3f3d3c42fbda593faf63e1d34f19403d887a351f,【哥大教授：商业地产陷入“厄运循环”，将引爆新一轮银行危机】哥伦比亚大学商学院房地产与金融教授范·纽维尔伯格(Stijn Van Nieuwerburgh)对商业地产的“城市厄运循环”发出了警告。随着时间的推移，质量较低的写字楼价值可能会下跌45%，整个写字楼行业的价值将下降5000亿美元。其后果可能会影响银行业和更广泛的经济，因为地区性银行是商业地产的主要融资来源，这意味着它们可能会遇到今年早些时候令硅谷银行和Signature Bank破产的同样问题。,"[Columbia Professor: Commercial Property Caught in a 'Doom Loop' That Will Trigger a New Banking Crisis] Stijn Van Nieuwerburgh, a professor of real estate and finance at Columbia Business School, warned of an 'urban doom loop' in commercial property. Over time, the value of lower-quality office buildings may fall by 45%, while the value of the office sector as a whole will decline by USD 500 billion. The consequences may affect the banking sector and the broader economy because regional banks are the principal source of financing for commercial property, meaning they may encounter the same problems that caused Silicon Valley Bank and Signature Bank to fail earlier this year.",REVIEWED
3d1f8376ca0756ca55d2484e32bcb2d41734065dc34ed1db947fd024b70da6e2,6月20日，中国人民银行公布最新贷款市场报价利率（LPR），1年期和5年期以上LPR均下降10个基点，分别为3.55%和4.2%。这是自2022年8月以来LPR的首次调整。本月中期借贷便利（MLF）的中标利率也下降至2.65%，而逆回购操作的中标利率降至1.9%。专家认为，政策利率的下降将有效降低实际贷款利率，从而刺激信贷需求，促进消费和投资增长。,"On June 20, the People's Bank of China announced the latest loan prime rates (LPRs). Both the one-year LPR and the LPR for terms of more than five years fell by 10 basis points, to 3.55% and 4.2%, respectively. This was the first LPR adjustment since August 2022. The winning bid rate on this month's medium-term lending facility (MLF) also fell to 2.65%, while the winning bid rate on reverse-repurchase operations declined to 1.9%. Experts believed that the reductions in policy rates would effectively lower actual lending rates, thereby stimulating credit demand and promoting growth in consumption and investment.",REVIEWED
3f218933997cee73e9a9a32d651cd61bb5f9a97396474389ca1157b049ce0006,【LPR下调10个基点 新一轮稳增长持续加码】证券时报文章指出，由于新发放贷款已基本参考LPR定价，LPR下调将有效发挥方向性和指导性作用，进一步降低企业综合融资成本和个人消费信贷成本，尤其将降低购房者的置业成本，进而刺激实体经济需求。虽然6月LPR下调幅度引发市场对于政策力度的讨论，但受访专家一致认为，LPR下调仅是新一轮宏观政策调整的“先手棋”，反映政策稳增长力度正在加码，后续财政、货币政策都有可能出台更多增量措施稳经济大盘。,"[LPRs Cut by 10 Basis Points as a New Round of Measures to Stabilise Growth Continues to Intensify] An article in Securities Times noted that, because newly issued loans are now generally priced with reference to the LPR, the reduction in the LPR would effectively play a directional and guiding role, further lowering companies' overall financing costs and individuals' consumer-credit costs. In particular, it would lower homebuyers' purchase costs and thereby stimulate demand in the real economy. Although the size of the LPR reduction in June prompted market discussion about the strength of policy, the experts interviewed unanimously believed that the reduction was only the 'opening move' in a new round of macro-policy adjustments, reflecting intensifying policy efforts to stabilise growth. Fiscal and monetary policies may subsequently introduce further incremental measures to stabilise the overall economy.",REVIEWED
40cf3ce7d5ffb05d0b88cc6522983ea86332343407a8f936f707fb92f6a018e3,6月15日，人民银行宣布开展2370亿元中期借贷便利(MLF)操作，并将MLF利率下调10个基点至2.65%。此次政策调整旨在维护银行体系流动性和支持实体经济，专家认为这将刺激信贷需求并促进金融机构让利。随着6月MLF利率下降，预计贷款市场报价利率(LPR)也会相应调整，其中1年期LPR可能下降5个基点，而5年期以上LPR下降15个基点的概率较大，以拉动企业中长期贷款及居民按揭贷款。,"On June 15, the People's Bank of China announced a RMB 237 billion medium-term lending facility (MLF) operation and lowered the MLF rate by 10 basis points to 2.65%. This policy adjustment was intended to maintain liquidity in the banking system and support the real economy. Experts believed it would stimulate credit demand and encourage financial institutions to pass on benefits. Following the decline in the MLF rate in June, the loan prime rates (LPRs) were also expected to be adjusted accordingly. The one-year LPR might fall by 5 basis points, while the probability of a 15-basis-point reduction in the LPR for terms of more than five years was relatively high, in order to drive medium- and long-term corporate lending and household mortgage lending.",REVIEWED
4184457ab89047782953d06e040f8a9fe3364aec94f7090caab923f62102e4f2,【中国人民银行: 中国人民银行增加支农支小再贷款、再贴现额度2000亿】中国人民银行决定增加支农支小再贷款、再贴现额度2000亿元，进一步加大对“三农”、小微和民营企业金融支持力度，发挥精准滴灌作用，降低社会融资成本，促进扩大就业，支持经济内生动力恢复。其中，支农再贷款、支小再贷款、再贴现分别增加额度400亿元、1200亿元、400亿元，调增后额度分别为8000亿元、17600亿元、7400亿元。,"[People's Bank of China: People's Bank of China Increases Quotas for Relending to Agriculture and Small Businesses and for Rediscounting by RMB 200 Billion] The People's Bank of China decided to increase the quotas for relending to agriculture and small businesses and for rediscounting by RMB 200 billion, further strengthening financial support for agriculture, rural areas and farmers, micro and small businesses, and private enterprises; providing precisely targeted support; lowering social financing costs; promoting the expansion of employment; and supporting the recovery of the economy's endogenous momentum. Of this amount, the quotas for relending to agriculture, relending to small businesses, and rediscounting were increased by RMB 40 billion, RMB 120 billion, and RMB 40 billion, respectively. After the increases, the respective quotas were RMB 800 billion, RMB 1.76 trillion, and RMB 740 billion.",REVIEWED
43181878a48de75294b20cdaf7b272f7ab116d6390ea8abbad698c1dcc24cbc8,据中国网，财政部副部长许宏才表示，为进一步巩固和扩大新能源汽车产业发展优势，6月2日国务院常务会议要求延续和优化新能源汽车车辆购置税减免政策，决定将新能源汽车车辆购置税减免政策延长至2027年年底，减免力度分年度逐步退坡，并对新能源...,"According to China.org.cn, Vice Minister of Finance Xu Hongcai said that, to further consolidate and expand the development advantages of the new-energy vehicle industry, the State Council executive meeting on June 2 called for extending and optimising the vehicle purchase-tax relief policy for new-energy vehicles. It decided to extend the policy through the end of 2027, with the degree of relief gradually reduced year by year, and for new-energy...",REVIEWED
435703caef81fe12deb46c87f935160b19be2853d9cd7dc92a021451eeb3faaf,6月15日，央行宣布将中期借贷便利（MLF）利率下调10个基点，这是自2022年8月以来的首次降息，并发出降息信号，预计6月20日贷款市场报价利率（LPR）也将下降。分析人士认为，1年期和5年期以上LPR可能出现非对称下调，其中1年期或下调5至10个基点，而5年期则可能下调15个基点。多位研究人员表示，此次降息标志着宽信用的开始，预料货币政策将继续宽松，包括未来可能的存款准备金率下调及其他财政刺激措施，以提振经济增长。,"On June 15, the central bank announced a 10-basis-point reduction in the medium-term lending facility (MLF) rate. This was the first interest-rate cut since August 2022 and sent a signal of lower rates, with the loan prime rates (LPRs) also expected to fall on June 20. Analysts believed that the one-year LPR and the LPR for terms of more than five years might be reduced asymmetrically: the one-year rate might fall by 5 to 10 basis points, while the five-year rate might fall by 15 basis points. Several researchers said that the rate cut marked the beginning of credit easing and expected monetary policy to remain accommodative, including a possible future cut to the reserve requirement ratio and other fiscal stimulus measures, in order to boost economic growth.",REVIEWED
43689586fe61326affdeac81767793102d7c83bef7ca473fb6aad54ede485a2b,【国家发改委主任：要把维护产业安全放在更加突出的位置 加强关键核心技术攻关和战略性资源支撑】国家发展改革委主任郑栅洁在《求是》发表署名文章：加快建设以实体经济为支撑的现代化产业体系。统筹好发展和安全。安全是发展的前提，发展是安全的保障，缺少安全保障的产业体系，势必受到各类风险挑战的冲击，安全和发展要同步推进。要把维护产业安全放在更加突出的位置，加强关键核心技术攻关和战略性资源支撑，努力构建自主可控、安全高效的产业链供应链，打造有利于现代化产业体系可持续发展的安全“防火墙”。同时，要强化底线思维，增强忧患意识，科学预研预判工业经济运行、产业发展形势的变化趋势，警惕“黑天鹅”、防范“灰犀牛”，积极应对、稳妥处理，避免发生重大风险或危机。,"[NDRC Chairman: Give Industrial Security Greater Prominence and Strengthen Breakthroughs in Key Core Technologies and Support from Strategic Resources] Zheng Shanjie, Chairman of the National Development and Reform Commission, published a signed article in Qiushi entitled 'Accelerating the Construction of a Modern Industrial System Supported by the Real Economy.' The article called for coordinating development and security. Security is the prerequisite for development, and development is the safeguard for security. An industrial system without security safeguards will inevitably be exposed to all kinds of risks and challenges, so security and development must be advanced in parallel. Industrial security must be given greater prominence, breakthroughs in key core technologies and support from strategic resources must be strengthened, efforts must be made to build independent and controllable, secure and efficient industrial and supply chains, and a security 'firewall' conducive to the sustainable development of a modern industrial system must be created. At the same time, bottom-line thinking must be strengthened, awareness of potential dangers heightened, changes and trends in industrial economic operations and industrial development scientifically researched and assessed in advance, 'black swans' watched for and 'grey rhinos' guarded against, and situations actively addressed and handled prudently to avoid major risks or crises.",REVIEWED
454a163e76c902ff1343ba99f06650429ee1720431d0ef7d871345f3eab59f20,6月21日，国新办举行国务院政策例行吹风会，宣布将新能源汽车购置税减免政策延续至2027年，以促进新能源汽车产业高质量发展。具体措施包括对2024年至2025年购置的新能源汽车免征车辆购置税，而2026年至2027年则减半征收。此外，国家还计划加强充电基础设施建设，以解决充电难题，并提出一系列支持政策，包括加大价格支持和金融服务能力。预计到2030年，将基本建成覆盖广泛、高质量的充电基础设施体系。,"On June 21, the State Council Information Office held a regular State Council policy briefing and announced that the vehicle purchase-tax relief policy for new-energy vehicles would be extended through 2027 to promote high-quality development of the new-energy vehicle industry. The specific measures include exempting new-energy vehicles purchased from 2024 to 2025 from vehicle purchase tax and levying half the tax from 2026 to 2027. In addition, the state plans to strengthen construction of charging infrastructure to address charging difficulties and has proposed a series of supporting policies, including stronger price support and financial-service capacity. By 2030, a high-quality charging infrastructure system with broad coverage is expected to have been largely established.",REVIEWED
480aeeeecab05c0bd95208bea1c9f70112e960326c62142793df1b6d1fb3eaaf,6月20日，中国央行公布贷款市场报价利率（LPR），1年期和5年期分别下调10个基点，至3.55%和4.20%。此次下调是自去年8月份以来的首次，反映出宏观经济复苏需要货币政策的持续发力。降低LPR旨在刺激信贷需求、消费及其他需求，为实体企业和住户减轻融资成本，并促进住房消费，从而助力房地产业的健康发展。这一变化预计将激活市场活力，也为未来进一步降息留出空间。,"On June 20, the People's Bank of China announced the loan prime rates (LPRs), lowering the one-year and five-year rates by 10 basis points to 3.55% and 4.20%, respectively. These were the first reductions since August last year, reflecting the need for continued monetary-policy support for the macroeconomic recovery. Lowering the LPRs was intended to stimulate credit demand, consumption, and other demand; reduce financing costs for businesses in the real economy and households; and promote housing consumption, thereby supporting healthy development of the property industry. The change was expected to activate market vitality and also leave room for further interest-rate cuts in the future.",REVIEWED
484aa9ac4517dc45da18b1899e0e902f53b843f5aaac15abd9bc5f2448a8cd58,中国人民银行于6月15日宣布，为维护银行体系流动性，将开展2370亿元一年期中期借贷便利（MLF）操作和20亿元7天期逆回购操作，利率分别为2.65%和1.90%。此次MLF中标利率较上月下调10个基点，市场分析认为这一举措将促进货币信贷增长、降低企业融资成本，并传递出支持实体经济的政策信号。预计此轮利率调整将带动贷款市场报价利率（LPR）跟进下调，从而进一步减轻企业和居民的贷款负担。,"On June 15, the People's Bank of China announced that, to maintain liquidity in the banking system, it would conduct a RMB 237 billion one-year medium-term lending facility (MLF) operation and a RMB 2 billion seven-day reverse-repurchase operation, at rates of 2.65% and 1.90%, respectively. The winning bid rate on the MLF was 10 basis points lower than in the previous month. Market analysts believed this measure would promote growth in money and credit, lower corporate financing costs, and send a policy signal of support for the real economy. This round of rate adjustments was expected to prompt corresponding reductions in the loan prime rates (LPRs), thereby further easing the loan burden on businesses and households.",REVIEWED
51fbd9b5b93f0425d5860ea2b8403500d05cf0f8a30bdb0ec8d4391c0878b6cd,央行消息，初步统计，6月末社会融资规模存量为365.45万亿元，同比增长9%。其中，对实体经济发放的人民币贷款余额为228.86万亿元，同比增长11.2%；对实体经济发放的外币贷款折合人民币余额为1.89万亿元，同比下降18.9%；委托贷款余额为11.32万亿...,"According to the central bank, preliminary statistics showed that the stock of aggregate social financing at the end of June was RMB 365.45 trillion, up 9% year on year. Of this, the balance of renminbi loans issued to the real economy was RMB 228.86 trillion, up 11.2% year on year; the renminbi-equivalent balance of foreign-currency loans issued to the real economy was RMB 1.89 trillion, down 18.9% year on year; and the balance of entrusted loans was RMB 11.32 trillion...",REVIEWED
584815915a0f8bf724a19c958dd5081b11523ecd502b78e306939eea1f9a58e1,美联储于6月15日宣布将联邦基金利率维持在5%至5.25%的区间，这是自去年3月以来首次暂停加息。尽管如此，会议点阵图暗示今年仍可能有两次25个基点的加息。美联储主席鲍威尔表示，虽然此次选择暂停，但几乎所有决策者认为进一步提高利率是合适的，同时强调降息在2023年不太可能。经济预期显示，美联储大幅上调了对2023年美国GDP增长的预期，从0.4%增至1.0%，而核心通胀预期则有所上升。最新数据显示，美国整体通胀呈回落趋势，这可能影响未来政策走向。,"On June 15, the Federal Reserve announced that it would keep the federal funds rate within the range of 5% to 5.25%, the first pause in rate increases since March last year. Nevertheless, the meeting's dot plot suggested that there might still be two increases of 25 basis points each this year. Federal Reserve Chair Powell said that, although a pause had been chosen this time, almost all policymakers believed further rate increases would be appropriate, while emphasising that rate cuts were unlikely in 2023. Economic projections showed that the Federal Reserve sharply raised its forecast for US GDP growth in 2023 from 0.4% to 1.0%, while its forecast for core inflation rose somewhat. The latest data showed an overall downward trend in US inflation, which might affect the future direction of policy.",REVIEWED
6166573948b2df2122ee76c1105e7196c4ae6404bce41252e45736aede583b43,2023年6月20日，中国人民银行公布贷款市场报价利率（LPR），1年期LPR为3.55%，5年期以上LPR为4.2%，均下调10个基点，这是自2022年8月以来的首次下调。这次降息主要受到银行存款利率降低的影响，活期和定期存款利率分别下调5至15个基点。此次调整预计将降低居民住房贷款成本，并提振房地产需求。同时，这也有助于改善实体经济融资需求，刺激信贷和投资增长。尽管预期存在非对称降息，但最终两类期限LPR同幅度下调，显示政策稳健与适度。展望未来，后续财政和产业政策有望跟进以促进经济复苏。,"On June 20, 2023, the People's Bank of China announced the loan prime rates (LPRs): the one-year LPR was 3.55% and the LPR for terms of more than five years was 4.2%, both down 10 basis points. These were the first reductions since August 2022. The rate cuts were mainly influenced by reductions in bank deposit rates, with demand- and time-deposit rates lowered by 5 to 15 basis points. The adjustments were expected to reduce households' housing-loan costs and boost property demand. They would also help improve financing demand in the real economy and stimulate growth in credit and investment. Although asymmetric rate cuts had been expected, the two LPR maturities were ultimately reduced by the same amount, demonstrating a prudent and measured policy approach. Looking ahead, subsequent fiscal and industrial policies were expected to follow in order to promote economic recovery.",REVIEWED
6447c814fbc1684ff1998a6061675e1990b3d12f8b99ab081b984ed567245bb4,6月21日，国新办举行发布会，介绍促进新能源汽车产业高质量发展的政策。工信部副部长辛国斌透露，今年前五个月，新能源汽车产销分别达到300.5万辆和294万辆，同比分别增长45.1%和46.8%。为了支持该产业发展，财政部将新能源汽车车辆购置税减免政策延长至2027年底，并设定每辆新能源乘用车的免税额上限为3万元，自2026年起减半征收。预计2024年至2027年期间，该政策将使总减免车辆购置税规模达到5200亿元。这些措施旨在稳定市场预期、鼓励消费并推动行业高质量发展。,"On June 21, the State Council Information Office held a press conference to introduce policies promoting high-quality development of the new-energy vehicle industry. Xin Guobin, Vice Minister of Industry and Information Technology, disclosed that in the first five months of this year, production and sales of new-energy vehicles reached 3.005 million and 2.94 million, respectively, representing year-on-year growth of 45.1% and 46.8%. To support development of the industry, the Ministry of Finance extended the vehicle purchase-tax relief policy for new-energy vehicles through the end of 2027 and set a maximum tax exemption of RMB 30,000 for each new-energy passenger vehicle, with half the tax to be levied from 2026. The policy was expected to provide total vehicle purchase-tax relief of RMB 520 billion from 2024 to 2027. These measures were intended to stabilise market expectations, encourage consumption, and promote high-quality development of the industry.",REVIEWED
6553cb3292772df98f99bc54d3a9789ff1c3aa0053d38e1a99419cefc9a182ad,财政部副部长许宏才在6月21日的国务院政策例行吹风会上宣布，新能源汽车车辆购置税减免政策将延长至2027年年底。,"At the State Council regular policy briefing on June 21, Vice Minister of Finance Xu Hongcai announced that the vehicle purchase-tax relief policy for new-energy vehicles would be extended through the end of 2027.",REVIEWED
65c38d42adb15eb191371430bbb86e60b1d5debc323cdd53780b70f34a9dc5b8,【国家发改委主任郑栅洁：坚决防范系统性风险 重点要抓好“四大安全”】国家发展改革委党组书记、主任郑栅洁撰文指出，坚决防范系统性风险，促进高质量发展和高水平安全的良性互动，以新安全格局保障新发展格局。重点要抓好“四大安全”：一是粮食安全。要严格落实粮食安全党政同责、耕地保护党政同责，实施新一轮千亿斤粮食产能提升行动，持续强化粮食产购储加销协同保障，健全种粮农民收益保障和主产区利益补偿机制，全力做好粮食保供稳价，全方位夯实粮食安全根基。二是能源资源安全。要深入推进能源革命，加快规划建设新型能源体系，加强能源产供储销体系建设。加大资源勘探开发力度。加强国家储备体系建设，优化完善储备布局和设施网络。三是产业链供应链安全稳定。要发挥保持产业链供应链安全稳定重点企业、重点园区作用，实施产业链供应链贯通工程。提升制造业核心竞争力，深入实施强链补链行动，补强产业链薄弱环节，锻造一批产业链长板，促进全产业链优化升级。四是数据安全。要强化数据安全保障体系建设，把安全贯穿数据治理全过程，切实保障国家数据安全。,"[NDRC Chairman Zheng Shanjie: Resolutely Prevent Systemic Risks, with a Focus on Four Major Areas of Security] Zheng Shanjie, Secretary of the Leading Party Members Group and Chairman of the National Development and Reform Commission, wrote that systemic risks must be resolutely prevented, positive interaction between high-quality development and high-level security must be promoted, and the new development pattern must be safeguarded through a new security framework. The focus must be on four major areas of security. First is food security. The system under which both Party committees and governments assume responsibility for food security and for protecting cultivated land must be strictly implemented; a new round of action to increase grain-production capacity by 100 billion jin must be carried out; coordinated safeguards for grain production, purchasing, storage, processing, and sales must be continuously strengthened; mechanisms to safeguard the income of grain farmers and compensate principal producing regions must be improved; every effort must be made to ensure grain supply and stable prices; and the foundations of food security must be comprehensively consolidated. Second is energy and resource security. The energy revolution must be advanced in depth, planning and construction of a new energy system accelerated, and systems for energy production, supply, storage, and sales strengthened. Resource exploration and development must be intensified. Construction of the national reserve system must be strengthened, and the reserve layout and facility network optimised and improved. Third is the security and stability of industrial and supply chains. The role of key enterprises and key industrial parks in maintaining the security and stability of industrial and supply chains must be brought into play, and projects to connect industrial and supply chains must be implemented. The core competitiveness of manufacturing must be enhanced, actions to strengthen and supplement chains implemented in depth, weak links in industrial chains reinforced, a number of areas of industrial-chain strength forged, and optimisation and upgrading of entire industrial chains promoted. Fourth is data security. Construction of the data-security safeguard system must be strengthened, security must run through the entire data-governance process, and national data security must be effectively protected.",REVIEWED
67e537d209e28c49c99923c9f5c37a5946d465756f8cee51471f4bd7390c6376,【国常会审议通过《私募投资基金监督管理条例(草案)》】李强主持召开国务院常务会议，审议通过《私募投资基金监督管理条例(草案)》。会议指出，近年来，我国私募投资基金行业发展较快，在服务实体经济、支持创业创新等方面发挥了积极作用。制定专门行政法规，将私募投资基金业务活动纳入法治化、规范化轨道进行监管，有利于更好保护投资者合法权益，促进行业规范健康发展。要针对行业突出问题强化源头管控，划定监管底线，严厉打击以“私募基金”之名行非法集资之实等非法金融活动。要加强监督管理和发展政策的协同配合，对不同类别私募投资基金特别是创业投资基金实施差异化监管，抓紧出台促进创业投资基金发展的具体政策。（央视）,"[State Council Executive Meeting Reviews and Approves Draft Regulations on the Supervision and Administration of Private Investment Funds] Li Qiang chaired a State Council executive meeting that reviewed and approved the draft Regulations on the Supervision and Administration of Private Investment Funds. The meeting stated that China's private investment-fund industry had developed rapidly in recent years and had played a positive role in serving the real economy and supporting entrepreneurship and innovation. Formulating dedicated administrative regulations and bringing private investment-fund business activities under law-based and standardised supervision would help better protect investors' lawful rights and interests and promote the industry's standardised and healthy development. Source controls must be strengthened in response to prominent industry problems, regulatory red lines drawn, and illegal financial activities such as illegal fundraising conducted in the name of 'private funds' severely punished. Coordination between supervision and development policies must be strengthened, differentiated supervision applied to different categories of private investment funds, particularly venture-capital funds, and specific policies to promote the development of venture-capital funds introduced promptly. (CCTV)",REVIEWED
68aaf99417735a9afbea6fb12f7de642ba0033c96078d2b3153b78668cb77d06,【央行：6月末社会融资规模存量为365.45万亿元，同比增长9%】央行消息，初步统计，6月末社会融资规模存量为365.45万亿元，同比增长9%。其中，对实体经济发放的人民币贷款余额为228.86万亿元，同比增长11.2%；对实体经济发放的外币贷款折合人民币余额为1.89万亿元，同比下降18.9%；委托贷款余额为11.32万亿元，同比增长4.1%；信托贷款余额为3.77万亿元，同比下降5.1%；未贴现的银行承兑汇票余额为2.75万亿元，同比下降2.8%；企业债券余额为31.34万亿元，同比下降0.4%；政府债券余额为63.57万亿元，同比增长10.1%；非金融企业境内股票余额为11.1万亿元，同比增长11.4%。,"[Central Bank: Stock of Aggregate Social Financing at RMB 365.45 Trillion at End-June, Up 9% Year on Year] According to the central bank, preliminary statistics showed that the stock of aggregate social financing at the end of June was RMB 365.45 trillion, up 9% year on year. Of this, the balance of renminbi loans issued to the real economy was RMB 228.86 trillion, up 11.2% year on year; the renminbi-equivalent balance of foreign-currency loans issued to the real economy was RMB 1.89 trillion, down 18.9% year on year; the balance of entrusted loans was RMB 11.32 trillion, up 4.1% year on year; the balance of trust loans was RMB 3.77 trillion, down 5.1% year on year; the balance of undiscounted bankers' acceptances was RMB 2.75 trillion, down 2.8% year on year; the balance of corporate bonds was RMB 31.34 trillion, down 0.4% year on year; the balance of government bonds was RMB 63.57 trillion, up 10.1% year on year; and the balance of domestic shares of non-financial enterprises was RMB 11.1 trillion, up 11.4% year on year.",REVIEWED
6982edfaf0d1f1a89f0093fbbb4c9830b8e5391d68bf8afafddfe728dde3cd29,央行于2023年6月15日发布消息，为维护银行体系流动性，开展了2370亿元的中期借贷便利（MLF）操作和20亿元的公开市场逆回购操作。此次MLF中标利率为2.65%，较之前的2.75%下调10个基点，以满足金融机构的资金需求。,"On June 15, 2023, the central bank announced that, to maintain liquidity in the banking system, it had conducted a RMB 237 billion medium-term lending facility (MLF) operation and a RMB 2 billion open-market reverse-repurchase operation. The winning bid rate on the MLF was 2.65%, down 10 basis points from the previous 2.75%, in order to meet financial institutions' funding needs.",REVIEWED
6b0851006e46c94cccde4ab4f306c8c3b8d23154dc24fb03d67676b41c2169c3,6月15日，人民银行进行2370亿元1年期中期借贷便利（MLF）操作，中标利率为2.65%，较上月下降10个基点。这一降息措施与6月13日的公开市场逆回购利率下调相呼应，表明政策利率联动下调，以释放稳增长信号并加强对实体经济的支持。专家预测，随着MLF利率下调，本月20日公布的贷款市场报价利率（LPR）有望再降5-10个基点，这将降低融资成本、提振市场信心，并促进房地产市场健康发展。,"On June 15, the People's Bank of China conducted a RMB 237 billion one-year medium-term lending facility (MLF) operation at a winning bid rate of 2.65%, down 10 basis points from the previous month. This interest-rate cut echoed the reduction in the open-market reverse-repurchase rate on June 13, indicating coordinated reductions in policy rates to send a signal of stabilising growth and strengthen support for the real economy. Experts predicted that, following the reduction in the MLF rate, the loan prime rates (LPRs) to be announced on the 20th of the month were expected to fall by a further 5 to 10 basis points. This would lower financing costs, bolster market confidence, and promote healthy development of the property market.",REVIEWED
6bdad71a6bd4211f926aca079fc5004fbbf7a7e45ec5c1500bff317a5b319d1a,中国人民银行、国家金融监督管理总局印发关于延长金融支持房地产市场平稳健康发展有关政策期限的通知，有关政策有适用期限的，将适用期限统一延长至2024年12月31日。,"The People's Bank of China and the National Financial Regulatory Administration issued a notice on extending the terms of relevant policies providing financial support for the stable and healthy development of the property market. Where the relevant policies have an applicable term, that term will be uniformly extended through December 31, 2024.",REVIEWED
6c839fcffb7591e341073d2430c9bdfc49c9c41080e155ecbd4e2be9ff05f497,蓝盾转退正式进入退市整理期，成为历史上首支强制退市的可转债。开盘时暴跌67.31%，最低跌幅达到70%。尽管如此，随后股价拉升30%并触发熔断停牌。与此同时，其正股蓝盾退也进入退市整理期，开盘暴跌37.5%。根据公告，退市整理期从2023年7月10日开始，为期十五个交易日，预计最后交易日期为7月28日。在此期间不实行价格涨跌幅限制，但之后每个交易日的涨跌幅限制为20%。此次退市源于蓝盾因财务问题被交易所强制退市。,"Landun Zhuantui formally entered the delisting-consolidation period, becoming the first convertible bond in history to be mandatorily delisted. It plunged 67.31% at the open and fell by as much as 70%. Despite this, its price subsequently rose by 30%, triggering a circuit-breaker trading suspension. At the same time, its underlying stock, Landun Tui, also entered the delisting-consolidation period and plunged 37.5% at the open. According to the announcement, the delisting-consolidation period began on July 10, 2023 and would last for 15 trading days, with the final trading date expected to be July 28. During this period there would be no price-movement limit, but thereafter the price-movement limit for each trading day would be 20%. The delisting resulted from the exchange mandatorily delisting Landun because of financial problems.",REVIEWED
6eeec518827a51a8fe1e40597f8f45a7f83e7fbdd5f078a550f1d15d4ef255e8,美联储主席鲍威尔在周四的听证会上表示，今年再次加息两次是适当的，委员会大多数成员认为利率还有上升空间。他指出经济有可能实现软着陆，但紧缩金融条件需要时间才能显现效果。尽管通胀有所下降，主要因能源和食品价格下跌，他强调解决通胀问题仍面临挑战。同时，鲍威尔提到银行监管方面的问题，特别是对硅谷银行的监管失误，并表示美联储计划提高大型银行的资本要求。最后，他关注小型银行在商业地产领域的风险敞口，并积极采取措施以帮助这些银行应对集中风险。,"Federal Reserve Chair Powell said at a hearing on Thursday that it would be appropriate to raise interest rates twice more this year and that most committee members believed there was room for rates to rise further. He noted that the economy might achieve a soft landing, but that the effects of tighter financial conditions would take time to emerge. Although inflation had declined, mainly because of falling energy and food prices, he emphasised that challenges remained in addressing inflation. Powell also mentioned problems with banking supervision, particularly the failure to supervise Silicon Valley Bank, and said the Federal Reserve planned to raise capital requirements for large banks. Finally, he focused on small banks' exposure to commercial property and said measures were being actively taken to help those banks address concentration risks.",REVIEWED
7027a88417b8eaca3377e4e7c0a032b82a79d40ad3ea785e0d9b6e7f31f635a6,【国家发改委主任郑栅洁：坚持社会主义市场经济改革方向】国家发改委主任郑栅洁在《学习时报》发表文章指出，要坚持社会主义市场经济改革方向，推动有效市场和有为政府更好结合。坚持“两个毫不动摇”。深化国资国企改革，推动国有资本和国有企业做强做优做大，优化民营企业发展环境，加快落实促进民营经济发展壮大的政策举措，依法保护外商投资权益，破除影响各类所有制企业公平竞争、共同发展的法律法规障碍和隐性壁垒。完善市场经济基础制度。在产权保护、市场准入、公平竞争、社会信用等领域强化制度建设和监管，加强反垄断和反不正当竞争。加快建设全国统一大市场。深化要素市场化改革，统筹推进现代化基础设施体系和高标准市场体系建设，营造市场化法治化国际化一流营商环境。,"[NDRC Chairman Zheng Shanjie: Adhere to the Direction of Socialist Market-Economy Reform] In an article published in Study Times, Zheng Shanjie, Chairman of the National Development and Reform Commission, stated that the direction of socialist market-economy reform must be upheld and that effective markets and a well-functioning government must be better combined. The 'two unwavering commitments' must be upheld. Reform of state-owned capital and state-owned enterprises must be deepened; state capital and state-owned enterprises must become stronger, better, and larger; the environment for the development of private enterprises must be optimised; implementation of policy measures to promote the development and growth of the private economy must be accelerated; the rights and interests of foreign investors must be protected according to law; and legal and regulatory obstacles and hidden barriers affecting fair competition and common development among enterprises under all forms of ownership must be removed. The foundational institutions of the market economy must be improved. Institution-building and supervision in areas such as protection of property rights, market access, fair competition, and social credit must be strengthened, as must antitrust and action against unfair competition. Construction of a unified national market must be accelerated. Market-oriented reform of factors of production must be deepened, construction of a modern infrastructure system and a high-standard market system advanced in a coordinated manner, and a first-class market-oriented, law-based, and internationalised business environment created.",REVIEWED
703912da0220d229e4e25c228df6804271e054d89b5d3fd2cf926d9e87bb7be4,7月4日，港股市场的小金属及矿物概念股普遍上涨，中国金石涨近23%，中国稀土涨近9%，金力永磁涨5%。中国商务部宣布从8月1日起对镓、锗相关物项实施出口管制，以维护国家安全和利益，出口商需办理许可手续。中国是全球最大的镓、锗生产国，分别占全球产量的95%和67%。,"On July 4, small-metals and minerals concept stocks in the Hong Kong market generally rose. China Kingstone Mining climbed nearly 23%, China Rare Earth rose nearly 9%, and JL MAG Rare-Earth gained 5%. China's Ministry of Commerce announced that export controls on gallium- and germanium-related items would take effect on August 1 to safeguard national security and interests, and exporters would need to complete licensing procedures. China is the world's largest producer of gallium and germanium, accounting for 95% and 67% of global production, respectively.",REVIEWED
711b0a01f60865e0d84bfe9b9bd972583c179e1a5bab6aa2302c56a826951880,6月15日，人民银行开展了2370亿元的1年期中期借贷便利（MLF）操作，中标利率为2.65%，较上月下降10个基点。同时，人民银行还进行了20亿元的7天期逆回购操作，中标利率为1.90%。,"On June 15, the People's Bank of China conducted a RMB 237 billion one-year medium-term lending facility (MLF) operation at a winning bid rate of 2.65%, down 10 basis points from the previous month. At the same time, the People's Bank of China also conducted a RMB 2 billion seven-day reverse-repurchase operation at a winning bid rate of 1.90%.",REVIEWED
7617b7fab85cd1dc8d15d3ff5c668f7c255cc53a0b148869fd176384d05be64c,【国家发改委主任：构建新一代信息技术、人工智能、生物技术、新能源、新材料、高端装备、绿色环保等一批新的增长引擎】国家发展改革委主任郑栅洁在《求是》发表署名文章《加快建设以实体经济为支撑的现代化产业体系》。文章指出，打造新的增长引擎。加快推进前沿技术研发和应用，推动战略性新兴产业融合集群发展，深入实施国家战略性新兴产业集群发展工程，构建新一代信息技术、人工智能、生物技术、新能源、新材料、高端装备、绿色环保等一批新的增长引擎。加强全产业链攻关、全要素支持、全生态发展，推动重大战略产业发展。对前沿技术、颠覆性技术进行多路径探索，推动建立国家未来产业先导区，超前谋划布局一批未来产业。,"[NDRC Chairman: Build a Group of New Growth Engines, Including Next-Generation Information Technology, Artificial Intelligence, Biotechnology, New Energy, New Materials, High-End Equipment, and Green Environmental Protection] Zheng Shanjie, Chairman of the National Development and Reform Commission, published a signed article in Qiushi entitled 'Accelerating the Construction of a Modern Industrial System Supported by the Real Economy.' The article called for creating new growth engines. Research, development, and application of frontier technologies must be accelerated; the integrated and clustered development of strategic emerging industries promoted; the national project for developing strategic emerging-industry clusters implemented in depth; and a group of new growth engines built, including next-generation information technology, artificial intelligence, biotechnology, new energy, new materials, high-end equipment, and green environmental protection. Efforts throughout entire industrial chains, support covering all factors, and ecosystem-wide development must be strengthened to promote the development of major strategic industries. Multiple pathways for frontier and disruptive technologies must be explored, the establishment of national pilot zones for future industries promoted, and the planning and layout of a group of future industries undertaken in advance.",REVIEWED
76a41130e377e96697b72ea598223819c686371af7acb4fa3d1685e644992b78,6月20日，中国贷款市场报价利率（LPR）公布，1年期LPR为3.55%，5年期以上LPR为4.20%，均下降10个基点。这是自去年以来首次同时下降，反映出宏观经济恢复乏力和社会需求不足的现实。分析认为，此次LPR下降主要由于银行负债成本降低、央行降准及政策利率下调等因素。预计降息将有助于降低企业和居民融资成本，促进房地产市场健康发展，并激励消费增长。专家建议采取差别化住房信贷政策，支持改善性住房需求，同时应加强货币、财政和产业政策的协调，以应对经济面临的多重挑战。,"On June 20, China's loan prime rates (LPRs) were announced. The one-year LPR was 3.55% and the LPR for terms of more than five years was 4.20%, both down 10 basis points. This was the first simultaneous decline since last year, reflecting the reality of a weak macroeconomic recovery and insufficient social demand. Analysis indicated that the LPR declines were mainly due to factors including lower bank funding costs, a cut in the reserve requirement ratio by the central bank, and reductions in policy rates. The rate cuts were expected to help lower financing costs for businesses and households, promote healthy development of the property market, and encourage consumption growth. Experts recommended adopting differentiated housing-credit policies to support demand for improved housing, while strengthening coordination among monetary, fiscal, and industrial policies to address the multiple challenges facing the economy.",REVIEWED
78c0b066ef3362b53f22c90ba87e580b0a903fd0ed289e2f3d54fd7d895237a2,6月14日下午，国务院新闻办公室举行政策例行吹风会，国家发展改革委副秘书长袁达介绍了深化营商环境改革的重点措施。他强调党中央、国务院高度重视优化营商环境，并将推出针对性政策以解决企业反映的突出问题。袁达提到将着力深化市场化改革、强化法治支撑和提升国际化水平，同时推动区域间营商环境差距缩小。此外，他指出要健全法律制度体系、规范行政执法、加强经营主体权益保护，并促进外资吸引力度，以推动经济高质量发展。,"On the afternoon of June 14, the State Council Information Office held a regular policy briefing at which Yuan Da, Deputy Secretary-General of the National Development and Reform Commission, introduced key measures to deepen business-environment reform. He emphasised that the CPC Central Committee and the State Council attached great importance to optimising the business environment and would introduce targeted policies to resolve prominent problems reported by enterprises. Yuan said efforts would focus on deepening market-oriented reform, strengthening support from the rule of law, and raising the level of internationalisation, while narrowing gaps in the business environment among regions. He also said that the system of laws and institutions must be improved, administrative law enforcement standardised, protection of the rights and interests of business entities strengthened, and efforts to attract foreign investment promoted, in order to advance high-quality economic development.",REVIEWED
7976e731065b6ad75a64482dbe196aa18fd053828e35450a1eafb56aff86cda1,美联储宣布本次会议不加息，维持联邦基金利率目标区间在5%至5.25%，这是美联储自去年3月以来累计加息十次后首次暂停加息。,The Federal Reserve announced that it would not raise interest rates at this meeting and would maintain the target range for the federal funds rate at 5% to 5.25%. This was the Federal Reserve's first pause after ten cumulative rate increases since March last year.,REVIEWED
817f1122121a37aa4d3c471a7b9e424d7787e4a2f43cc5d59067f9d76b8fdca0,退市未来：公司股票将于2023年6月28日被上海证券交易所终止上市暨摘牌。,"Future Delisting: The company's shares will be terminated from listing and delisted by the Shanghai Stock Exchange on June 28, 2023.",REVIEWED
8424165e3a2be390f7b697114bbcc707dddc84f6a315c35b1a39364311255121,【货币政策工具箱打开，金融“法宝”各显神通】 支农支小再贷款、再贴现额度增加2000亿元；七天期逆回购利率、常备借贷便利（SLF）利率、中期借贷便利（MLF）利率等央行政策利率下行，贷款市场报价利率（LPR）年内首降……近期，货币政策工具箱中总量工具和结构性工具齐“上阵”，为实体经济提供更有力支持。展望下半年，为进一步推动经济持续回升向好、提振经营主体信心，货币政策操作将进一步加码。（经参）,"[Monetary-Policy Toolbox Opens, with Each Financial 'Magic Weapon' Displaying Its Powers] The quotas for relending to agriculture and small businesses and for rediscounting were increased by RMB 200 billion; central-bank policy rates including the seven-day reverse-repurchase rate, the standing lending facility (SLF) rate, and the medium-term lending facility (MLF) rate declined; and the loan prime rates (LPRs) fell for the first time this year... Recently, aggregate and structural tools in the monetary-policy toolbox have been deployed together to provide stronger support for the real economy. Looking to the second half of the year, monetary-policy operations will be intensified further to promote a sustained economic recovery and improvement and bolster the confidence of business entities. (Economic Information Daily)",REVIEWED
87a755575582b78dc31f56354d3fb640cee1c4fa1a82df972ffacf11e097c938,6月20日，中国人民银行公布最新贷款市场报价利率（LPR），1年期LPR下调至3.55%，5年期以上LPR降至4.2%，均较上月下调10个基点。专家认为，此次降息将增强实体经济活力，促进投资和消费，同时降低企业和个人的融资成本。分析指出，近期存款利率下调和政策性降息为此提供了空间，信贷需求亟需通过利率调降来提振。未来仍可能有进一步降息的空间，以支持经济恢复与发展。,"On June 20, the People's Bank of China announced the latest loan prime rates (LPRs), lowering the one-year LPR to 3.55% and the LPR for terms of more than five years to 4.2%, both down 10 basis points from the previous month. Experts believed the rate cuts would strengthen vitality in the real economy, promote investment and consumption, and lower financing costs for businesses and individuals. Analysis indicated that recent reductions in deposit rates and policy rates had created room for the move and that credit demand urgently needed to be boosted through rate cuts. There might still be room for further interest-rate reductions in the future to support economic recovery and development.",REVIEWED
883e81ced8c19c61ed4e3142df8c0a50f8689d7094f652f1dc1a2fbeafe6c245,近期公布的5月经济数据显示投资、消费和出口均低于预期，居民消费物价指数处于低位，工业生产者价格指数降幅扩大，表明经济复苏放缓，需求不足成为主要问题。国务院常务会议研究推出稳增长政策，并且央行下调多项利率以刺激经济。制造业PMI降至48.8%，服务业也出现回落，显示生产和需求同步下滑。此外，固定资产投资同比增速连续三个月下降，社零总额增速回落，而CPI略有上升。整体来看，全球经济下行压力加大，我国面临外需减弱和信贷需求放缓等挑战。,"Recently released economic data for May showed that investment, consumption, and exports were all below expectations, the consumer price index was at a low level, and the decline in the producer price index widened, indicating that the economic recovery was slowing and that insufficient demand had become the main problem. A State Council executive meeting studied the introduction of policies to stabilise growth, while the central bank lowered several interest rates to stimulate the economy. The manufacturing PMI fell to 48.8%, and the services sector also declined, showing simultaneous falls in production and demand. In addition, year-on-year growth in fixed-asset investment fell for a third consecutive month, growth in total retail sales of consumer goods slowed, while the CPI rose slightly. Overall, downward pressure on the global economy increased, and China faced challenges including weaker external demand and slowing credit demand.",REVIEWED
8959dddd4a6eae93107e9d6ee43e738e96608eea3f8b8be39dc1ae3adab1ce15,6月20日，中国人民银行宣布贷款市场报价利率（LPR）结束连续9个月保持不变，1年期和5年期以上LPR均下调10个基点，分别为3.55%和4.2%。分析人士认为，此次降息将对房地产市场、信贷市场及经济复苏产生积极影响，购房者的贷款成本将降低，从而提振市场信心。预计未来货币政策可能继续加码，包括降准和降息。多位专家指出，LPR下行有助于降低融资成本，刺激消费与投资，同时也为实现全年经济增长目标提供支持。,"On June 20, the People's Bank of China announced that the loan prime rates (LPRs) had ended nine consecutive months of remaining unchanged. Both the one-year LPR and the LPR for terms of more than five years were lowered by 10 basis points, to 3.55% and 4.2%, respectively. Analysts believed the rate cuts would have a positive effect on the property market, the credit market, and the economic recovery. Homebuyers' borrowing costs would fall, thereby bolstering market confidence. Monetary policy was expected to be intensified further in the future, possibly including cuts to the reserve requirement ratio and interest rates. Several experts noted that lower LPRs would help reduce financing costs, stimulate consumption and investment, and support achievement of the full-year economic growth target.",REVIEWED
8b42de81a9978e78452d20e23845bf468ec2580000f778f55d3a54732dc2f769,【一年期、五年期LPR均下调10个基点】中国央行将一年期和五年期贷款市场报价利率（LPR）分别下调10个基点至3.55%和4.20%。,"[One-Year and Five-Year LPRs Both Cut by 10 Basis Points] The People's Bank of China lowered the one-year and five-year loan prime rates (LPRs) by 10 basis points each, to 3.55% and 4.20%, respectively.",REVIEWED
900f7265fd8867d030a3b943228a0696453a37d39def425e49534eaac6f4b2c7,"【李强：要围绕稳增长、稳就业、防风险等 抓紧实施一批针对性、组合性、协同性强的政策措施】中共中央政治局常委、国务院总理李强7月6日下午主持召开经济形势专家座谈会，听取专家学者对当前经济形势和做好经济工作的意见建议。

中共中央政治局常委、国务院副总理丁薛祥出席。

座谈会上，刘尚希、罗志恒、田轩、黄先海、袁海霞、秦海林、陆铭、赵伟等专家学者先后发言。大家认为，在复杂严峻的外部环境下，我国经济发展展现出巨大韧性，对我国经济发展前景应当充满信心。大家还就解决好经济运行中的问题提出了意见建议。

在认真听取专家学者们发言后，李强指出，今年以来，在以习近平同志为核心的党中央坚强领导下，我国经济呈现回升向好态势。同时要看到，世界政治经济形势错综复杂，对我国发展带来诸多影响。我们要全面、辩证、长远地研判当前经济形势，进一步保持战略定力，增强发展信心。

李强指出，我国正处在经济恢复和产业升级关键期，要坚持稳中求进工作总基调，完整、准确、全面贯彻新发展理念，加快构建新发展格局。要围绕稳增长、稳就业、防风险等，抓紧实施一批针对性、组合性、协同性强的政策措施。要围绕高质量发展首要任务，在转方式、调结构、增动能上下更大功夫。要建立健全政府与民营企业、外资企业等各类企业的常态化沟通交流机制，通过增强工作互动性来增强决策科学性。

李强希望广大专家学者发挥专业优势，把握客观规律和发展大势，多提建设性的意见建议，为推动高质量发展贡献智慧和力量。  （央视）","[Li Qiang: Promptly Implement a Group of Highly Targeted, Combined, and Coordinated Policy Measures Focused on Stabilising Growth, Stabilising Employment, and Preventing Risks] Li Qiang, a member of the Standing Committee of the Political Bureau of the CPC Central Committee and Premier of the State Council, chaired a symposium with experts on the economic situation on the afternoon of July 6 to hear experts' and scholars' views and recommendations on the current economic situation and economic work.

Ding Xuexiang, a member of the Standing Committee of the Political Bureau of the CPC Central Committee and Vice Premier of the State Council, attended.

At the symposium, experts and scholars including Liu Shangxi, Luo Zhiheng, Tian Xuan, Huang Xianhai, Yuan Haixia, Qin Hailin, Lu Ming, and Zhao Wei spoke in turn. They believed that, in a complex and severe external environment, China's economic development had demonstrated tremendous resilience and that there should be full confidence in the prospects for China's economic development. They also offered views and recommendations on resolving problems in economic operations.

After listening carefully to the experts and scholars, Li Qiang stated that, since the beginning of this year, under the strong leadership of the CPC Central Committee with Comrade Xi Jinping at its core, China's economy had shown a trend of recovery and improvement. At the same time, it was necessary to recognise that the global political and economic situation was complex and had many effects on China's development. The current economic situation must be assessed comprehensively, dialectically, and from a long-term perspective, while maintaining strategic resolve and strengthening confidence in development.

Li Qiang stated that China was at a critical stage of economic recovery and industrial upgrading. The general principle of pursuing progress while ensuring stability must be upheld, the new development philosophy implemented fully, accurately, and comprehensively, and creation of the new development pattern accelerated. A group of highly targeted, combined, and coordinated policy measures focused on stabilising growth, stabilising employment, and preventing risks must be implemented promptly. Greater efforts must be made to transform the development model, adjust the economic structure, and increase growth momentum, centred on the primary task of high-quality development. Regular communication and exchange mechanisms between the government and all kinds of enterprises, including private and foreign-invested enterprises, must be established and improved, and more scientific decision-making achieved by increasing interaction in work.

Li Qiang expressed the hope that experts and scholars would apply their professional strengths, understand objective laws and overall development trends, offer more constructive views and recommendations, and contribute their wisdom and strength to promoting high-quality development. (CCTV)",REVIEWED
9161cdfaa20da42673aa39320c7c160cecff62d4ad939a0163a15553498d7198,6月20日，中国人民银行下调贷款市场报价利率（LPR），1年期和5年期以上LPR均下降10个基点，分别为3.55%和4.2%，结束了连续9期未变的状态。这是自2022年8月以来首次调整。此次下调被视为支持实体经济的重要举措，有助于降低融资成本，提振市场信心。此外，降息将直接减少购房者的按揭还款压力，例如首套房贷款100万元、30年期的月供将减少约58元。分析人士预计后续可能推出更多稳增长政策，以促进有效需求修复。,"On June 20, the People's Bank of China lowered the loan prime rates (LPRs). Both the one-year LPR and the LPR for terms of more than five years fell by 10 basis points, to 3.55% and 4.2%, respectively, ending nine consecutive periods without change. This was the first adjustment since August 2022. The reductions were regarded as an important measure to support the real economy, helping to lower financing costs and bolster market confidence. In addition, the rate cuts would directly reduce the pressure of mortgage repayments on homebuyers. For example, the monthly payment on a RMB 1 million, 30-year first-home mortgage would fall by approximately RMB 58. Analysts expected that more policies to stabilise growth might subsequently be introduced to promote a recovery in effective demand.",REVIEWED
a02e93f86f0160fc02b03674ab584e98f5a773b13f3e092d449628550e4749ad,抱歉，您提供的信息中缺少具体的新闻内容，我无法生成摘要。请提供完整的新闻文章或相关信息。,"Sorry, the information you provided lacks specific news content, so I am unable to generate a summary. Please provide the complete news article or relevant information.",REVIEWED
a263f197bb8244d1be5e061eaee079238d40b50ddacf7b1c09e1af5047d5a8b6,央行于6月20日下调贷款市场报价利率（LPR），1年期LPR降至3.55%，5年期以上LPR降至4.2%，各下调10个基点。这次降息被认为是市场预期中的宽松政策，旨在提振经济和支持实体经济。分析指出，此次调整将降低住房贷款利率，减轻购房者负担，并可能提高购房消费信心。专家表示，在当前房地产市场中，尤其是弱二线及三四线城市的需求较弱，而一二线城市仍面临限购等政策限制，因此需要进一步优化相关政策以促进市场回暖。,"On June 20, the central bank lowered the loan prime rates (LPRs), reducing the one-year LPR to 3.55% and the LPR for terms of more than five years to 4.2%, each down 10 basis points. The rate cuts were regarded as an accommodative policy move that the market had expected, intended to boost the economy and support the real economy. Analysis indicated that the adjustment would lower housing-loan rates, ease the burden on homebuyers, and might raise confidence in housing consumption. Experts said that, in the current property market, demand was weak particularly in weaker second-tier and third- and fourth-tier cities, while first- and second-tier cities still faced policy restrictions such as home-purchase limits. Relevant policies therefore needed to be optimised further to promote a market recovery.",REVIEWED
a311f753e99b63df2ce3d23aca55d498af883b32dadf8de52f910ed0f05ae81d,【中证报头版：LPR下调10个基点，货币政策持续发力，更多政策工具有望推出，降准降息仍有空间】 中国人民银行授权全国银行间同业拆借中心6月20日公布，1年期贷款市场报价利率（LPR）为3.55%，5年期以上LPR为4.2%，均较上一期下降10个基点。专家认为，LPR下调将带动银行贷款利率下行，进而激发实体经济融资需求、提振房地产市场信心。为助力稳增长，货币政策有望继续加码，年内仍有降准、降息可能。,"[China Securities Journal Front Page: LPRs Cut by 10 Basis Points as Monetary Policy Continues to Exert Force; More Policy Tools Expected, with Room Remaining for Cuts to the Reserve Requirement Ratio and Interest Rates] The National Interbank Funding Center, authorised by the People's Bank of China, announced on June 20 that the one-year loan prime rate (LPR) was 3.55% and the LPR for terms of more than five years was 4.2%, both down 10 basis points from the previous period. Experts believed that lower LPRs would drive bank lending rates lower, thereby stimulating financing demand in the real economy and bolstering confidence in the property market. To help stabilise growth, monetary policy was expected to be intensified further, with cuts to the reserve requirement ratio and interest rates still possible during the year.",REVIEWED
a8592f785c78484f049ee071bed4df062bf222462c3cbbb7645d08a1b3b350ef,【央行货币政策委员会：支持银行补充资本 共同维护金融市场的稳定发展】央行货币政策委员会召开2023年第二季度例会，会议指出，深化金融供给侧结构性改革，引导大银行服务重心下沉，推动中小银行聚焦主责主业，支持银行补充资本，共同维护金融市场的稳定发展。完善市场化利率形成和传导机制，优化央行政策利率体系，发挥存款利率市场化调整机制重要作用，发挥贷款市场报价利率改革效能和指导作用，推动企业融资和居民信贷成本稳中有降。,"[Central Bank Monetary Policy Committee: Support Banks in Replenishing Capital and Jointly Safeguard the Stable Development of Financial Markets] The central bank's Monetary Policy Committee held its regular meeting for the second quarter of 2023. The meeting called for deepening supply-side structural reform in finance, guiding large banks to shift their service focus downwards, encouraging small and medium-sized banks to focus on their primary responsibilities and core businesses, supporting banks in replenishing capital, and jointly safeguarding the stable development of financial markets. It called for improving the market-oriented mechanisms for forming and transmitting interest rates, optimising the central bank's policy-rate system, giving full play to the important role of the market-oriented adjustment mechanism for deposit rates, giving full play to the effectiveness and guiding role of loan prime rate reform, and promoting steady declines in corporate financing and household credit costs.",REVIEWED
acffdaa8c34b2a7bd8a09880762eaea58d072ba296730cd4dacfb4e475084838,【商务部：打造服务经济高质量发展和粤港澳大湾区的重要金融平台】商务部印发《自贸试验区重点工作清单（2023—2025年）》。在广东自贸试验区重点工作清单中提到，推进与港澳规则衔接、机制对接，深化与港澳在贸易、投资、金融、法律服务和职业资格互认等领域合作，促进内外贸法规制度衔接；推进广州期货交易所、大湾区债券平台、南沙国际金融岛、深港国际金融城等建设，依托现有交易场所开展农产品交易，打造服务经济高质量发展和粤港澳大湾区的重要金融平台；推进“大湾区组合港”“湾区一港通”建设，打造以南沙港、蛇口港为枢纽的一体化通关物流信息平台，提升各港口间物流和通关时效，实现港口群互联互通、协同发展。,"[Ministry of Commerce: Create Important Financial Platforms Serving High-Quality Economic Development and the Guangdong-Hong Kong-Macao Greater Bay Area] The Ministry of Commerce issued the List of Key Tasks for Pilot Free Trade Zones (2023-2025). The list of key tasks for the Guangdong Pilot Free Trade Zone mentioned advancing alignment of rules and linking of mechanisms with Hong Kong and Macao; deepening cooperation with Hong Kong and Macao in areas including trade, investment, finance, legal services, and mutual recognition of professional qualifications; and promoting alignment between domestic- and foreign-trade laws and institutions. It called for advancing construction of the Guangzhou Futures Exchange, the Greater Bay Area bond platform, Nansha International Financial Island, and Shenzhen-Hong Kong International Financial City; conducting agricultural-product trading through existing trading venues; and creating important financial platforms serving high-quality economic development and the Guangdong-Hong Kong-Macao Greater Bay Area. It also called for advancing construction of the 'Greater Bay Area Combined Port' and 'Bay Area One-Port Connect' initiatives; creating an integrated customs-clearance logistics information platform with Nansha Port and Shekou Port as hubs; improving logistics and customs-clearance efficiency among ports; and achieving interconnection and coordinated development of the port cluster.",REVIEWED
af4ff2590c13ddca3c04c6c188e6951ddf2afa0b5413c1704844a1a152410c23,6月15日，中国央行宣布为维护银行体系流动性，开展2370亿元中期借贷便利（MLF）操作和20亿元逆回购操作，其中MLF利率下调10个基点至2.65%。此次降息结束了连续9个月的保持不变。市场分析认为，此次政策性降息释放了稳增长信号，将刺激实体经济融资需求，并加快银行信贷投放节奏。此外，由于近期存款利率下降，预计本月贷款市场报价利率（LPR）可能会首次调整，有望下调5至10个基点，特别是与房贷相关的5年期LPR降幅可能更大。整体来看，政策变化旨在提振市场信心并促进经济平稳发展。,"On June 15, the People's Bank of China announced that, to maintain liquidity in the banking system, it would conduct a RMB 237 billion medium-term lending facility (MLF) operation and a RMB 2 billion reverse-repurchase operation, with the MLF rate lowered by 10 basis points to 2.65%. This rate cut ended nine consecutive months without change. Market analysis indicated that the policy-rate cut sent a signal of stabilising growth, would stimulate financing demand in the real economy, and would accelerate the pace of bank lending. In addition, because deposit rates had recently declined, the loan prime rates (LPRs) were expected to be adjusted for the first time this month and might fall by 5 to 10 basis points. The reduction in the five-year LPR, which is particularly related to mortgages, might be larger. Overall, the policy changes were intended to bolster market confidence and promote stable economic development.",REVIEWED
b0a4df15935fc910a72fc91218738a55f1e164cefdb046629911c2057b6a3b5d,【证监会启动公募基金费率改革，涉及六方面内容】 从监管部门获悉，证监会启动公募基金费率改革工作，主要包括六方面内容，一是坚持以固定费率产品为主；二是推出更多浮动费率产品。前期证监会已受理一批与投资者持有时间挂钩的浮动费率产品。近日，证监会正式接收11只浮动费率产品募集申请，包括与基金规模挂钩、与基金业绩挂钩两类。三是降低主动权益类基金费率水平。四是降低公募基金证券交易佣金费率。相关改革措施涉及修改相关法规，预计将于2023年底前完成。五是规范公募基金销售环节收费。预计于2024年底前完成。六是完善公募基金行业费率披露机制。（证券时报）,"[CSRC Launches Reform of Public-Fund Fee Rates, Covering Six Areas] It was learned from the regulatory authorities that the China Securities Regulatory Commission had launched reform of public-fund fee rates, mainly covering six areas. First, products with fixed fee rates would remain the principal type. Second, more products with floating fee rates would be introduced. The CSRC had previously accepted a group of floating-fee-rate products linked to investors' holding periods. Recently, it formally received fundraising applications for 11 floating-fee-rate products in two categories: those linked to fund size and those linked to fund performance. Third, fee-rate levels for actively managed equity funds would be reduced. Fourth, securities-trading commission rates for public funds would be reduced. The related reform measures involved amendments to relevant regulations and were expected to be completed before the end of 2023. Fifth, charges in the sale of public funds would be standardised. This was expected to be completed before the end of 2024. Sixth, the fee-rate disclosure mechanism for the public-fund industry would be improved. (Securities Times)",REVIEWED
b1efad67ad8998a43f440603e23e7022b1802a4c61ccddd27edca9d08ad8564e,6月13日，中国人民银行将7天期逆回购操作利率下调10个基点至1.9%，同时其他期限的利率也进行了相应下调。这一降息措施被视为逆周期调节的积极信号，可能推动权益市场反弹，并改善市场预期以促进内需增长和实体经济发展。专家认为，此次降息有助于修复居民和企业的资产负债表，助力经济复苏，并为地方债务及金融机构改革提供合理流动性环境。随着托底性政策的出台，预计库存周期将逐步恢复，从低迷阶段转向复苏阶段，特别看好TMT板块和可选消费的估值修复行情。,"On June 13, the People's Bank of China lowered the seven-day reverse-repurchase operation rate by 10 basis points to 1.9%, while rates for other maturities were also reduced accordingly. This rate-cut measure was regarded as a positive signal of countercyclical adjustment that might drive a rebound in the equity market and improve market expectations in order to promote growth in domestic demand and development of the real economy. Experts believed the rate cut would help repair household and corporate balance sheets, support economic recovery, and provide an environment of reasonable liquidity for local-debt and financial-institution reforms. With the introduction of policies providing a floor, the inventory cycle was expected to recover gradually and shift from a depressed phase to a recovery phase. The valuation-recovery opportunities in the TMT sector and discretionary consumption were viewed particularly favourably.",REVIEWED
b466cb0df152d4ae8936ee423a26d93ec1f6a339118872dd8d2630df11a59d82,美联储主席鲍威尔在周三的新闻发布会上表示，几乎所有决策者认为今年应进一步加息。尽管美联储决定维持关键利率不变，打破了14个月内连续10次加息的纪录，但委员会一致致力于将通胀率降至2%。鲍威尔指出，今年降息不合适，并强调经济预计将持续温和增长，同时劳动力市场压力仍然存在。他提到将在7月会议上根据最新数据再做决策，并指出供应链状况正在改善，但服务业通胀的降低迹象仍较早。鲍威尔还表示，美联储对商业房地产的贷款风险保持关注，并承认当前信贷紧缩影响评估仍为时尚早。,"Federal Reserve Chair Powell said at a press conference on Wednesday that almost all policymakers believed interest rates should be raised further this year. Although the Federal Reserve decided to keep its key rate unchanged, breaking a run of ten consecutive increases over 14 months, the committee was unanimously committed to reducing inflation to 2%. Powell said rate cuts would not be appropriate this year and emphasised that the economy was expected to continue growing moderately while labour-market pressures persisted. He said a further decision would be made at the July meeting based on the latest data and noted that supply-chain conditions were improving, although signs of lower services inflation were still at an early stage. Powell also said the Federal Reserve remained attentive to lending risks in commercial property and acknowledged that it was still too early to assess the effects of the current credit tightening.",REVIEWED
ba2b2f31a53d52789d14ad620ada437f0e3b5c1dea6c34c84e056639c9ff972c,据中证报，九个月按兵不动后，中国贷款市场报价利率（LPR）再次调降，各地房贷利率也跟随调整。6月20日，记者获悉，北京、深圳、苏州等地多家银行已迅速下调商业贷款利率。其中，苏州首套房贷款利率已低至4%。郑州的首套房贷款利率在此前降至3.8...,"According to China Securities Journal, after nine months without action, China's loan prime rates (LPRs) were reduced again, and mortgage rates around the country were adjusted accordingly. On June 20, reporters learned that several banks in Beijing, Shenzhen, Suzhou, and other places had rapidly lowered commercial mortgage rates. Among them, the interest rate on first-home mortgages in Suzhou had fallen as low as 4%. The first-home mortgage rate in Zhengzhou had previously fallen to 3.8...",REVIEWED
bb895139b921bd5ce57aba0778e3b2b0744532c7d08b72b5b32997428f252f03,中国人民银行、国家金融监督管理总局：对于房地产企业开发贷款、信托贷款等存量融资，在保证债权安全的前提下，鼓励金融机构与房地产企业基于商业性原则自主协商，积极通过存量贷款展期、调整还款安排等方式予以支持，促进项目完工交付。2024年12月31日前到期的，可以允许超出原规定多展期1年，可不调整贷款分类，报送征信系统的贷款分类与之保持一致。,"People's Bank of China and National Financial Regulatory Administration: For existing financing of property companies, such as property-development loans and trust loans, financial institutions and property companies are encouraged, on the basis of commercial principles and provided creditor claims are kept secure, to negotiate independently and actively provide support through methods including extensions of existing loans and adjustments to repayment arrangements, in order to promote project completion and delivery. For financing maturing before December 31, 2024, an extension of one additional year beyond the period originally prescribed may be permitted without adjusting the loan classification, and the loan classification submitted to the credit-reporting system may remain consistent with it.",REVIEWED
c213a7ca558532c10a02a74992e5348cce044edc4abe7917c301f59634292ef2,【5年期以上LPR下降10个基点 100万元房贷30年减少2.1万元】今日，最新一期贷款市场报价利率（LPR）出炉，五年期LPR下调至4.2%，此前为4.3%。如以商贷额度100万元、贷款30年、等额本息还款方式计算，此次LPR下降10个基点，月供减少58.54元，累积30年月供减少2.1万元。目前，全国统一首套住房商业性个人住房贷款利率下限为4.1%，此次5年期LPR下调10BP后，统一房贷利率下限有望突破4%关口。,"[LPR for Terms of More Than Five Years Falls by 10 Basis Points; Payments on a RMB 1 Million, 30-Year Mortgage Fall by RMB 21,000] The latest loan prime rates (LPRs) were announced today, with the five-year LPR lowered to 4.2% from 4.3%. For a commercial mortgage of RMB 1 million over 30 years with equal principal-and-interest repayments, the 10-basis-point decline in the LPR reduces the monthly payment by RMB 58.54 and cumulative payments over 30 years by RMB 21,000. At present, the nationally unified floor for the interest rate on commercial personal mortgages for first homes is 4.1%. Following this 10-basis-point reduction in the five-year LPR, the unified mortgage-rate floor is expected to fall below the 4% threshold.",REVIEWED
c3e19664990258dfe8633cabb3995a19ffe0f9e0660f4c3033bfb00dc68de8ef,  【李强：中国经济回升向好的态势明显 全年有望实现5%左右的预期增长目标】国务院总理李强27日上午在天津出席2023年夏季达沃斯论坛开幕式并致辞。李强表示，在未来更长时间里，中国将继续为世界经济复苏和增长提供强大动能。中国仍然是世界上最大的发展中国家，我们有14亿多人口，人均经济指标和人民生活水平还不高，发展还不平衡、不充分，但这也是中国发展的潜力和空间所在。我们正在认真贯彻新发展理念，加快构建新发展格局，努力实现高质量发展。我们将在扩大内需潜力、激发市场活力、推动城乡区域协调发展、加快发展方式绿色转型、推动高水平对外开放等方面，推出更多务实有效的举措。这些举措正在发挥效应，从今年来的情况看，中国经济回升向好的态势明显，一季度同比增长4.5%，预计二季度增速将快于一季度，全年有望实现5%左右的预期增长目标。一些国际组织和机构也调高了今年中国经济增长预期，显示了对中国发展前景的信心。我们完全有信心、有能力，在一个较长的周期内，推动中国经济在高质量发展轨道上行稳致远。这将不断扩大市场规模、创造合作机会，为世界经济复苏和增长提供源源不断的动力，同时也为各国投资者提供互利共赢的合作机遇。,"[Li Qiang: The Trend of China's Economic Recovery and Improvement Is Clear, and the Expected Growth Target of About 5% Is Likely to Be Achieved for the Full Year] Premier Li Qiang attended the opening ceremony of the 2023 Summer Davos Forum in Tianjin on the morning of the 27th and delivered a speech. Li said that, over a longer period in the future, China would continue to provide powerful momentum for global economic recovery and growth. China remains the world's largest developing country. We have a population of more than 1.4 billion, while per-capita economic indicators and people's living standards are not yet high, and development remains unbalanced and inadequate; however, therein also lie China's development potential and room for growth. We are earnestly implementing the new development philosophy, accelerating creation of a new development pattern, and working to achieve high-quality development. We will introduce more practical and effective measures in areas including expanding the potential of domestic demand, stimulating market vitality, promoting coordinated urban-rural and regional development, accelerating the green transformation of the development model, and promoting high-standard opening up. These measures are taking effect. Judging from developments so far this year, the trend of China's economic recovery and improvement is clear. The economy grew by 4.5% year on year in the first quarter, growth in the second quarter is expected to be faster than in the first quarter, and the expected growth target of about 5% is likely to be achieved for the full year. Some international organisations and institutions have also raised their forecasts for China's economic growth this year, demonstrating confidence in China's development prospects. We have every confidence and ability to promote the steady and sustained progress of China's economy along the path of high-quality development over a relatively long cycle. This will continuously expand the size of the market, create opportunities for cooperation, and provide an unending source of momentum for global economic recovery and growth, while also providing investors from all countries with opportunities for mutually beneficial and win-win cooperation.",REVIEWED
c5e42a941ea271854ab09f58a7cc0115199c249673997f42c98f6f6a5b0f6cd3,6月20日，贷款市场报价利率（LPR）结束连续9个月不变，1年期和5年期LPR同步下调10个基点。此次下调将促使银行贷款利率进一步下降，激发实体经济的融资需求，并支持住房需求。业内预计未来宏观政策可能会继续加强，财政及准财政工具的使用有望加大。,"On June 20, the loan prime rates (LPRs) ended nine consecutive months without change, with both the one-year and five-year LPRs lowered by 10 basis points. The reductions would prompt bank lending rates to decline further, stimulate financing demand in the real economy, and support housing demand. Industry participants expected that macro policies might continue to be strengthened in the future and that the use of fiscal and quasi-fiscal tools was expected to increase.",REVIEWED
c7b5d030e02b2b9514bcf351e807b103a7220460b4ca9ad9dd4296067aac8ec3,【分析师：6月LPR报价有可能出现非对称下调】继公开市场逆回购、各期限常备借贷便利操作（SLF）后，中期借贷便利操作（MLF）也跟随下调10个基点。东方金诚首席宏观分析师王青认为，MLF操作利率是LPR报价的定价基础，6月MLF操作利率下调后，当月两个品种的LPR报价也将跟进下调。“考虑到当前企业贷款利率已处于历史低点，且明显低于居民房贷利率，加之近期楼市再度转弱，我们判断6月1年期LPR报价和5年期以上LPR报价有可能出现非对称下调，即1年期LPR报价可能下调0.05个百分点，5年期以上LPR报价下调0.15个百分点。这将带动企业和居民贷款利率、特别是居民房贷利率更大幅下调。” （每经）,"[Analyst: LPR Quotations May Be Reduced Asymmetrically in June] Following open-market reverse-repurchase operations and standing lending facility (SLF) operations of various maturities, the medium-term lending facility (MLF) operation rate was also lowered by 10 basis points. Wang Qing, Chief Macro Analyst at Golden Credit Rating, believed that the MLF operation rate was the pricing basis for LPR quotations and that, after the MLF operation rate was lowered in June, the two LPR quotations for the month would also be lowered accordingly. 'Considering that current corporate lending rates are already at historical lows and are clearly below household mortgage rates, together with the renewed weakening of the property market recently, we judge that the one-year LPR quotation and the LPR quotation for terms of more than five years may be lowered asymmetrically in June. Specifically, the one-year LPR quotation may be lowered by 0.05 percentage points and the LPR quotation for terms of more than five years by 0.15 percentage points. This will drive larger reductions in corporate and household lending rates, particularly household mortgage rates.' (National Business Daily)",REVIEWED
c90bc6db1d149416f7cfc4daf8c89eb280b8f8a0b8304e73990b2486b36dfe2c,李强主持召开国务院常务会议，研究推动经济持续回升的一系列政策措施。,Li Qiang chaired a State Council executive meeting to study a series of policy measures to promote a sustained economic recovery.,REVIEWED
cc225a4cb1709ac301aaa505f4c517648e4917037b6b45388d1289015be65d30,6月13日，央行下调了7天期逆回购利率、常备借贷便利利率和MLF操作利率各10个基点，这是自2022年8月以来首次降息。央行行长易纲强调将加强逆周期调节，全力支持实体经济。这一系列措施旨在提升市场信心，稳定经济，并增强银行的信贷投放能力。同时，主要金融机构也开始下调存款利率，并调整消费贷款利率至最低3.65%。最新数据显示，中国经济恢复向好迹象明显，但市场需求仍显不足，需要进一步推动高质量发展。国际金融机构已上调中国2023年GDP增速预期，央行的支持政策为促进经济复苏提供了有力保障。,"On June 13, the central bank lowered the seven-day reverse-repurchase rate, the standing lending facility rate, and the MLF operation rate by 10 basis points each. These were the first interest-rate cuts since August 2022. Central-bank Governor Yi Gang stressed that countercyclical adjustment would be strengthened and full support provided to the real economy. This series of measures was intended to strengthen market confidence, stabilise the economy, and enhance banks' capacity to issue credit. At the same time, major financial institutions also began lowering deposit rates and adjusted consumer-loan rates to as low as 3.65%. The latest data showed clear signs of recovery and improvement in China's economy, although market demand remained insufficient and high-quality development needed to be promoted further. International financial institutions had raised their forecasts for China's 2023 GDP growth, and the central bank's supportive policies provided strong safeguards for promoting economic recovery.",REVIEWED
cd829ca88ab1c4277c8dce42079bf4d2ced25dd752c0a6aaa6840a42f3f58bce,据中证报，专家认为，LPR下调将带动银行贷款利率下行，进而激发实体经济融资需求、提振房地产市场信心。为助力稳增长，货币政策有望继续加码，年内仍有降准、降息可能。,"According to China Securities Journal, experts believed that reductions in the LPRs would drive bank lending rates lower, thereby stimulating financing demand in the real economy and bolstering confidence in the property market. To help stabilise growth, monetary policy was expected to be intensified further, with cuts to the reserve requirement ratio and interest rates still possible during the year.",REVIEWED
cfda828477dfe8cf719a2a30c4438878b9d8e8aba778138de534e8e3a11c91a9,央行于15日宣布进行2370亿元的中期借贷便利（MLF）操作，利率下调至2.65%，并开展20亿元逆回购操作，利率保持在1.90%。业内普遍预计，下周的贷款市场报价利率（LPR）将随之下调，有助于稳增长和提振市场信心。近期多家银行下调存款挂牌利率，市场关注6月降息的可能性。专家表示，预计1年期LPR将下调5个基点，而5年期以上LPR可能下调15个基点。此外，央行行长易纲强调要继续实施稳健货币政策，以支持实体经济发展。,"On the 15th, the central bank announced that it would conduct a RMB 237 billion medium-term lending facility (MLF) operation, with the rate lowered to 2.65%, and a RMB 2 billion reverse-repurchase operation, with the rate kept at 1.90%. The industry generally expected the loan prime rates (LPRs) to be reduced accordingly the following week, helping to stabilise growth and bolster market confidence. Several banks had recently lowered their posted deposit rates, and the market was watching the possibility of interest-rate cuts in June. Experts said the one-year LPR was expected to fall by 5 basis points, while the LPR for terms of more than five years might fall by 15 basis points. In addition, central-bank Governor Yi Gang stressed the need to continue implementing prudent monetary policy to support development of the real economy.",REVIEWED
d0ecd6ccf3bd88ffc22f29d6d49943b812eb0b60b31e9ed810f4458364e948ae,在连续9期未变后，国内贷款市场报价利率（LPR）于6月20日首次下调，1年期LPR为3.55%，5年期以上LPR为4.2%，均下降10个基点。此调整得益于央行近期频繁降息，为LPR下调创造了条件。分析人士认为，LPR的降低有助于加强逆周期调节，促进需求恢复，并可能刺激信贷需求及增强市场信心。此外，未来货币政策仍有进一步操作空间，下半年可能继续降息或降准。,"After remaining unchanged for nine consecutive periods, China's loan prime rates (LPRs) were lowered for the first time on June 20. The one-year LPR was 3.55% and the LPR for terms of more than five years was 4.2%, both down 10 basis points. The adjustment benefited from the central bank's frequent recent interest-rate cuts, which created conditions for lower LPRs. Analysts believed the LPR reductions would help strengthen countercyclical adjustment, promote a recovery in demand, and might stimulate credit demand and enhance market confidence. In addition, monetary policy still had further room for action, and interest rates or the reserve requirement ratio might be reduced further in the second half of the year.",REVIEWED
d2270cad87ce68cbc6d6a2b5a8840df2e5a328f01795aa60b82aac61f55b2341,美联储于周四凌晨宣布，将联邦基金利率目标区间维持在5.00%-5.25%不变，这是自去年3月以来的首次暂停加息。美联储表示，此次决定使委员会能够评估更多数据，并强调将继续致力于将通胀率恢复至2%的目标。根据最新点阵图，2023年底的利率预期中值上调至5.6%，暗示仍有可能加息两次。同时，美联储下调了2024年和2025年的GDP增长预期，并对失业率和个人消费支出（PCE）通胀预期进行了相应调整，预计2023年PCE通胀为3.2%。,"In the early hours of Thursday, the Federal Reserve announced that it would maintain the target range for the federal funds rate at 5.00%-5.25%, the first pause in rate increases since March last year. The Federal Reserve said the decision would allow the committee to assess more data and stressed that it would remain committed to returning inflation to the 2% target. According to the latest dot plot, the median interest-rate projection for the end of 2023 was raised to 5.6%, suggesting that two further rate increases remained possible. At the same time, the Federal Reserve lowered its GDP growth forecasts for 2024 and 2025 and made corresponding adjustments to its forecasts for unemployment and personal consumption expenditures (PCE) inflation, with PCE inflation expected to be 3.2% in 2023.",REVIEWED
d2d1639dbe2063df536fc7c0103d7841b5300ea1fcce0a343d00dc57ac599e9f,财政部、税务总局和工业和信息化部近日发布公告，延续新能源汽车车辆购置税减免政策至2027年底，其中2024年至2025年期间对新能源乘用车免征购置税，每辆最高免税额为3万元；2026年至2027年期间减半征收，每辆最高减税额为1.5万元。预计该政策实施后，2024年至2027年的累计减免规模将达5200亿元。自2014年以来，该政策已多次延续，有效促进了新能源汽车的市场发展。今年前五个月，新能源汽车产销均实现显著增长。相关专家认为，此政策将持续刺激汽车消费并推动燃油车向新能源车转型。,"The Ministry of Finance, the State Taxation Administration, and the Ministry of Industry and Information Technology recently issued an announcement extending the vehicle purchase-tax relief policy for new-energy vehicles through the end of 2027. From 2024 to 2025, new-energy passenger vehicles will be exempt from vehicle purchase tax, with a maximum exemption of RMB 30,000 per vehicle; from 2026 to 2027, half the tax will be levied, with a maximum tax reduction of RMB 15,000 per vehicle. Following implementation, the policy is expected to provide cumulative relief of RMB 520 billion from 2024 to 2027. Since 2014, the policy has been extended several times and has effectively promoted the market development of new-energy vehicles. In the first five months of this year, both production and sales of new-energy vehicles achieved significant growth. Relevant experts believed the policy would continue to stimulate automobile consumption and promote the transition from fuel vehicles to new-energy vehicles.",REVIEWED
d35e03f1dc4625977f08407799ff172ab318294aa19eed0f9016864bd7cc0150,在经历前期下跌后，上周A股市场情绪明显回暖，沪深300指数、中证500指数和创业板指数的涨幅分别为3.30%、2.30%和5.93%。市场活跃度提升，日均成交额超过1万亿元，北向资金净买入143.91亿元。机构分析认为，经济预期和政策信心修正是推动市场反弹的主要因素。在央行降息和政策支持的背景下，预计未来市场风险偏好将持续回升。此外，下半年A股盈利修复可能延续，中金公司对2023年市场持中性偏积极态度。尽管短期内仍存在波动，但外资流入及政策环境改善或将支撑市场上涨。,"After earlier declines, sentiment in the A-share market improved markedly last week. The CSI 300 Index, CSI 500 Index, and ChiNext Index rose by 3.30%, 2.30%, and 5.93%, respectively. Market activity increased, with average daily turnover exceeding RMB 1 trillion and net purchases through northbound trading of RMB 14.391 billion. Institutional analysis indicated that revisions to economic expectations and policy confidence were the main factors driving the market rebound. Against the background of central-bank interest-rate cuts and policy support, market risk appetite was expected to continue rising in the future. In addition, the recovery in A-share earnings might continue in the second half of the year, and CICC held a neutral-to-positive view of the market for 2023. Although volatility remained possible in the short term, foreign capital inflows and an improved policy environment might support market gains.",REVIEWED
d422dba5525bada71faf99754b0bee448465ddccd1673c0255ee97425791e42b,【LPR可能采取非对称降息】随着MLF降息落地，多位人士也预计，6月LPR随之下调将成为大概率事件。正如仲量联行大中华区首席经济学家及研究部总监庞溟所说，考虑到目前宏观经济修复的形态、节奏与力度，社会有效需求需要包括货币政策在内的宏观政策继续呵护与刺激，后续1年期和5年期LPR非对称下降的概率较高。植信投资研究院高级研究员王运金提道，“我们预计6月LPR可能会非对称下调，其中1年期下调5个基点、5年期下调10-15个基点；以LPR为基准的存量与增量贷款利率将不同程度下行，推动实体经济融资成本继续下行，加快刺激国内需求”。（北京商报）,"[LPRs May Be Cut Asymmetrically] With the MLF rate cut implemented, several people also expected that a corresponding reduction in the LPRs in June would be highly probable. As Pang Ming, Chief Economist and Head of Research for Greater China at JLL, said, considering the form, pace, and strength of the current macroeconomic recovery, effective social demand needed continued support and stimulus from macro policies, including monetary policy, and the probability of asymmetric declines in the one-year and five-year LPRs was relatively high. Wang Yunjin, Senior Researcher at the Zhixin Investment Research Institute, said: 'We expect the LPRs may be lowered asymmetrically in June, with the one-year rate down 5 basis points and the five-year rate down 10-15 basis points. Interest rates on existing and incremental loans benchmarked to the LPRs will fall to varying degrees, driving further declines in financing costs in the real economy and accelerating the stimulation of domestic demand.' (Beijing Business Today)",REVIEWED
d546461a537773d1c9d7498951b2887bd7badf71b20235f75d5e89a3ceb60187,据上证报，财政部等部门联合发布《关于延续和优化新能源汽车车辆购置税减免政策的公告》明确：2024-2025年，购置新能源汽车免征车辆购置税；2026-2027年，购置税减半征收。对此，作为中国新能源造车新势力代表的蔚来和理想汽车迅速给予积极回应...,"According to Shanghai Securities News, the Ministry of Finance and other departments jointly issued the Announcement on Extending and Optimising the Vehicle Purchase-Tax Relief Policy for New-Energy Vehicles. It specified that purchases of new-energy vehicles in 2024-2025 would be exempt from vehicle purchase tax, while purchases in 2026-2027 would be subject to half the tax. In response, NIO and Li Auto, representatives of China's new generation of new-energy vehicle manufacturers, quickly responded positively...",REVIEWED
d5b8efb700f2d9b2b95746be4318f247267fdad548e2a0d0ff60f38dac5cde9f,6月21日，财政部、税务总局和工信部联合发布公告，决定将新能源汽车购置税减免政策延续至2027年末。具体措施为：2024年1月1日至2025年12月31日期间购置的新能源汽车免征车辆购置税，每辆新能源乘用车免税额不超过3万元；而在2026年1月1日至2027年12月31日期间购置的新能源汽车则减半征收车辆购置税，每辆减税额不超过1.5万元。这项政策旨在支持新能源汽车产业发展和促进汽车消费，预计将在2024至2027年期间累计减免车辆购置税约5200亿元。,"On June 21, the Ministry of Finance, the State Taxation Administration, and the Ministry of Industry and Information Technology jointly issued an announcement deciding to extend the vehicle purchase-tax relief policy for new-energy vehicles through the end of 2027. The specific measures are as follows: new-energy vehicles purchased from January 1, 2024 to December 31, 2025 will be exempt from vehicle purchase tax, with the exemption for each new-energy passenger vehicle not exceeding RMB 30,000; new-energy vehicles purchased from January 1, 2026 to December 31, 2027 will be subject to half the vehicle purchase tax, with the tax reduction for each vehicle not exceeding RMB 15,000. The policy is intended to support development of the new-energy vehicle industry and promote automobile consumption, and is expected to provide cumulative vehicle purchase-tax relief of approximately RMB 520 billion from 2024 to 2027.",REVIEWED
d74c3763600bf2a40221bbd94e45e453bc8cc68634fdd945a9112a0d97252482,自6月以来，中国进入新一轮降息周期，涵盖存款、OMO/MLF和LPR等多个方面。尽管全球大多数国家加息，中国选择降息的原因在于国内经济低迷和CPI处于低位，急需通过降息刺激经济。同时，中国实现了货币政策独立性，可以在美联储加息时选择降息，这得益于放弃固定汇率和保持一定的资本账户管制。然而，随着利率接近底部，继续降息的意义减弱，因此预计下半年最多再降1-2次。若经济复苏动力恢复，则可能迎来新的加息周期。,"Since June, China has entered a new interest-rate-cut cycle covering deposits, open-market operations and the MLF, LPRs, and other areas. Although most countries worldwide were raising interest rates, China chose to cut them because of the weak domestic economy and low CPI, making rate cuts urgently necessary to stimulate the economy. At the same time, China had achieved monetary-policy independence and could choose to cut interest rates while the Federal Reserve raised them, owing to the abandonment of a fixed exchange rate and the maintenance of a degree of capital-account control. However, as interest rates approached their lower bound, the value of further cuts diminished, and no more than one or two further reductions were therefore expected in the second half of the year. If the momentum of economic recovery returned, a new interest-rate-increase cycle might begin.",REVIEWED
d929e650b0e550e56dddec708cdd78a14e27d1e8e2d96125807af101332df4ee,国务院于6月29日发布通知，提出在有条件的自由贸易试验区和自由贸易港推进制度型开放的若干措施。通知指出，除了特定的新金融服务外，如果允许中资金融机构开展某项新服务，则试点地区的外资金融机构也应被允许提供同类服务。金融管理部门将根据职权决定哪些机构可以开展此项新服务，并要求获得许可。同时，管理部门需在合理期限内作出决定，仅可因审慎理由拒绝许可。,"On June 29, the State Council issued a notice proposing several measures to advance institutional opening up in eligible pilot free trade zones and free trade ports. The notice stated that, except for specified new financial services, if Chinese-funded financial institutions were permitted to provide a new service, foreign-funded financial institutions in the pilot regions should also be permitted to provide the same type of service. Financial regulators would decide, within the scope of their authority, which institutions could provide the new service and would require them to obtain approval. At the same time, regulators must make a decision within a reasonable period and could refuse approval only for prudential reasons.",REVIEWED
da3867e25935f1326c70d7f50f311a6eb3bd448a58ad35b05128a941f5cbcaf6,【国家发改委主任郑栅洁：破除制约民营企业公平参与市场竞争的制度障碍 进一步扩大民间投资准入范围】国家发展改革委党组书记、主任郑栅洁撰文指出，要综合施策扩大需求。把实施扩大内需战略同深化供给侧结构性改革有机结合起来。促进消费持续恢复，持续提升传统消费，加快培育新型消费，不断壮大消费热点。积极扩大有效投资，优化中央预算内投资结构，集中力量办大事、办难事、办急事，有力有序推进“十四五”规划102项重大工程建设；破除制约民营企业公平参与市场竞争的制度障碍，进一步扩大民间投资准入范围，鼓励和吸引更多民间资本参与国家重大工程项目和补短板项目建设。,"[NDRC Chairman Zheng Shanjie: Remove Institutional Obstacles Restricting Private Enterprises' Fair Participation in Market Competition and Further Expand Market Access for Private Investment] Zheng Shanjie, Secretary of the Leading Party Members Group and Chairman of the National Development and Reform Commission, wrote that a combination of measures must be used to expand demand. Implementation of the strategy to expand domestic demand must be organically combined with deepening supply-side structural reform. The sustained recovery of consumption must be promoted, traditional consumption continuously upgraded, new forms of consumption cultivated more rapidly, and consumption hotspots continuously expanded. Effective investment must be actively expanded, the structure of investment from the central budget optimised, and resources concentrated on major, difficult, and urgent matters. Construction of the 102 major projects in the 14th Five-Year Plan must be advanced forcefully and in an orderly manner; institutional obstacles restricting private enterprises' fair participation in market competition must be removed; the scope of market access for private investment further expanded; and more private capital encouraged and attracted to participate in national major projects and projects addressing weak links.",REVIEWED
da5dbd8e5156013a851a57d3f502712768c0ed060f4f255f15089a13554935dd,【LPR“降息”落地 多地银行跟进下调房贷利率】 九个月按兵不动后，中国贷款市场报价利率（LPR）再次调降，各地房贷利率也跟随调整。6月20日，记者获悉，北京、深圳、苏州等地多家银行已迅速下调商业贷款利率。其中，苏州首套房贷款利率已低至4%。郑州的首套房贷款利率在此前降至3.8%之后，有望进一步降至3.7%。（中证报）,"[LPR 'Rate Cuts' Implemented as Banks in Many Locations Follow with Mortgage-Rate Reductions] After nine months without action, China's loan prime rates (LPRs) were reduced again, and mortgage rates around the country were adjusted accordingly. On June 20, reporters learned that several banks in Beijing, Shenzhen, Suzhou, and other places had rapidly lowered commercial mortgage rates. Among them, the interest rate on first-home mortgages in Suzhou had fallen as low as 4%. After previously falling to 3.8%, the first-home mortgage rate in Zhengzhou was expected to fall further to 3.7%. (China Securities Journal)",REVIEWED
dfc420db51ffd8d14209660117cf3c4675821407090761abb294ca43ecd96e9f,"2023年6月20日，中国人民银行公布的贷款市场报价利率（LPR）首次下调，1年期LPR为3.55%，5年期以上为4.2%，均下调10个基点。分析师王青指出，此次下调是为了应对经济修复动力不足和房地产市场转弱，并预计将促使企业和居民贷款利率进一步下降，从而提振经济信心。展望未来，王青认为在温和物价水平的情况下，政策性降息还有空间，可能会继续引导房贷利率走低。

与此同时，英国2年期国债收益率升破5%，创近15年来新高，预计英国央行将在即将到来的决议中再加息25基点，以应对顽固通胀。而德国5月生产者价格指数（PPI）数据显示，同比上涨1%，环比下降1.4%，显示出通胀逐步缓解，但德国经济依然面临技术性衰退，复苏前景较为黯淡。","On June 20, 2023, the loan prime rates (LPRs) announced by the People's Bank of China were lowered for the first time. The one-year LPR was 3.55% and the LPR for terms of more than five years was 4.2%, both down 10 basis points. Analyst Wang Qing noted that the reductions were intended to address insufficient momentum in the economic recovery and a weakening property market, and expected them to prompt further declines in corporate and household lending rates, thereby boosting economic confidence. Looking ahead, Wang believed there was still room for policy-rate cuts while price levels remained moderate, and that mortgage rates might continue to be guided lower.

Meanwhile, the yield on the UK's two-year government bond rose above 5%, a nearly 15-year high. The Bank of England was expected to raise interest rates by another 25 basis points at its forthcoming decision to address persistent inflation. Germany's producer price index (PPI) data for May showed a year-on-year rise of 1% and a month-on-month decline of 1.4%, indicating that inflation was gradually easing. However, the German economy still faced a technical recession, and its recovery prospects were relatively bleak.",REVIEWED
e22700b51b83b6026d5c24c2b455bfd192a0d2d9ff7b37041e4bb42a7c8f8e2f,7月3日，商务部和海关总署发布公告，从2023年8月1日起对镓、锗相关物项实施出口管制。公告指出，镓相关物项包括金属镓、氮化镓、氧化镓等，而锗相关物项包括金属锗、磷锗锌、二氧化锗等。未经许可不得出口这些物项，出口经营者需申请许可证，并可面临行政处罚或刑事责任。此举旨在维护国家安全和利益。,"On July 3, the Ministry of Commerce and the General Administration of Customs issued an announcement imposing export controls on gallium- and germanium-related items from August 1, 2023. The announcement stated that gallium-related items included gallium metal, gallium nitride, and gallium oxide, among others, while germanium-related items included germanium metal, zinc germanium phosphide, and germanium dioxide, among others. These items may not be exported without permission; export operators must apply for licences and may face administrative penalties or criminal liability. The measure was intended to safeguard national security and interests.",REVIEWED
e5b11f6d92c9f5b02fae5b4f28d606c5e35c8c9a0b8af80d50142cc71e3a215a,财政部、税务总局和工业和信息化部联合发布公告，延续新能源汽车购置税减免政策至2027年，具体为2024年至2025年免征车辆购置税，2026年至2027年减半征收。此举旨在促进新能源汽车产业发展，并于近年来相继出台多项刺激消费政策，以提升市场信心。预计新政策实施后，未来四年内累计减免税额将达5200亿元。同时，为应对动力蓄电池的回收利用问题，相关部门正加强规范管理与技术创新，以支持可持续发展。,"The Ministry of Finance, the State Taxation Administration, and the Ministry of Industry and Information Technology jointly issued an announcement extending the vehicle purchase-tax relief policy for new-energy vehicles through 2027. Specifically, vehicle purchase tax will be waived from 2024 to 2025 and halved from 2026 to 2027. The measure is intended to promote development of the new-energy vehicle industry and follows the successive introduction of several policies in recent years to stimulate consumption and strengthen market confidence. Following implementation of the new policy, cumulative tax relief over the next four years is expected to reach RMB 520 billion. At the same time, to address the recycling and reuse of power batteries, the relevant departments are strengthening standardised management and technological innovation to support sustainable development.",REVIEWED
ecb38695fcc337db435f7c4d378d505045371eb6ac9faded21df8de6622cdf7e,6月20日，中国人民银行公布最新一期LPR（贷款市场报价利率），1年期LPR下调至3.55%，5年期以上LPR下调至4.2%，均较前值降低10个基点，结束了自去年9月份以来的持平状态。这次调整受到央行在6月15日下调MLF（中期借贷便利）利率的影响。专家认为，此次LPR降息将有助于加强逆周期调节、促进企业投资和居民消费，从而刺激经济增长。此外，购房者将因房贷压力减轻而受益。分析人士预测，下半年可能继续降息和降准，以进一步推动房地产行业复苏和经济发展。,"On June 20, the People's Bank of China announced the latest loan prime rates (LPRs), lowering the one-year LPR to 3.55% and the LPR for terms of more than five years to 4.2%, both down 10 basis points from their previous values and ending the period of unchanged rates since September last year. The adjustment was influenced by the central bank's reduction in the medium-term lending facility (MLF) rate on June 15. Experts believed the LPR cuts would help strengthen countercyclical adjustment and promote corporate investment and household consumption, thereby stimulating economic growth. In addition, homebuyers would benefit from reduced mortgage pressure. Analysts predicted that interest rates and the reserve requirement ratio might be reduced further in the second half of the year to promote further recovery in the property industry and economic development.",REVIEWED
f0f5ca32cb30372f1fce0491929429fce603253911aafbd1bc45e56aafcd29dd,中国6月新增人民币贷款3.05万亿，预估为23185亿元，前值为13628亿元。,"China's new renminbi loans totalled RMB 3.05 trillion in June, compared with an estimate of RMB 2.3185 trillion and a previous value of RMB 1.3628 trillion.",REVIEWED
f191f533144f62f83f7ba95c212a9193bd32e119d527c7fc283d077b9aa87bbc,中共中央总书记、国家主席、中央军委主席、中央全面深化改革委员会主任习近平7月11日下午主持召开中央全面深化改革委员会第二次会议，审议通过了《关于建设更高水平开放型经济新体制促进构建新发展格局的意见》《深化农村改革实施方案》《关于推动能耗双控逐步转向碳排放双控的意见》《关于高等学校、科研院所薪酬制度改革试点的意见》《关于进一步深化石油天然气市场体系改革提升国家油气安全保障能力的实施意见》《关于深化电力体制改革加快构建新型电力系统的指导意见》。习近平在主持会议时强调，建设更高水平开放型经济新体制是我们主动作为以开放促改革、促发展的战略举措，要围绕服务构建新发展格局，以制度型开放为重点，聚焦投资、贸易、金融、创新等对外交流合作的重点领域深化体制机制改革，完善配套政策措施，积极主动把我国对外开放提高到新水平。要锚定实现农业农村现代化、建设农业强国的战略目标，以处理好农民和土地关系为主线，加快补齐农业农村发展短板，为全面建设社会主义现代化国家打下坚实基础。要立足我国生态文明建设已进入以降碳为重点战略方向的关键时期，完善能源消耗总量和强度调控，逐步转向碳排放总量和强度双控制度。要把推动高校教师、科研人员薪酬分配制度改革作为统筹推进教育、科技、人才事业发展的重要抓手，逐步建立激发创新活力、知识价值导向、管理规范有效、保障激励兼顾的薪酬制度，进一步激发高等学校、科研院所创新创造活力。要围绕提升国家油气安全保障能力的目标，针对油气体制存在的突出问题，积极稳妥推进油气行业上、中、下游体制机制改革，确保稳定可靠供应。要深化电力体制改革，加快构建清洁低碳、安全充裕、经济高效、供需协同、灵活智能的新型电力系统，更好推动能源生产和消费革命，保障国家能源安全。中共中央政治局常委、中央全面深化改革委员会副主任李强、王沪宁、蔡奇出席会议。会议指出，当前，我国发展面临复杂严峻的国际形势。要完善开放型经济新体制的顶层设计，深化贸易投资领域体制机制改革，扩大市场准入，全面优化营商环境，完善服务保障体系，充分发挥我国综合优势，以国内大循环吸引全球资源要素，提升贸易投资合作质量和水平。要坚持底线思维、极限思维，抓紧健全国家安全保障体制机制，着力提升开放监管能力和水平。要把构建更高水平开放型经济新体制同高质量共建“一带一路”等国家战略紧密衔接起来，积极参与全球治理体系改革和建设。会议强调，贯彻落实党的二十大对深化农村改革的部署，要着力巩固和完善农村基本经营制度，健全粮食安全保障制度，完善全面推进乡村振兴体制机制，健全城乡融合发展政策体系，加快推动重要领域和关键环节改革攻坚突破、落地见效，让广大农民在改革中有更多获得感。要把顶层设计同基层探索有机结合起来，允许和鼓励不同地区因地制宜探索，善于发现和总结基层的实践创造，对探索创新中遇到困难的要及时给予支持。会议指出，党的十八大以来，我们把绿色低碳和节能减排摆在突出位置，建立并实施能源消耗总量和强度双控制度，有力促进我国能源利用效率大幅提升和二氧化碳排放强度持续下降。从能耗双控逐步转向碳排放双控，要坚持先立后破，完善能耗双控制度，优化完善调控方式，加强碳排放双控基础能力建设，健全碳排放双控各项配套制度，为建立和实施碳排放双控制度积极创造条件。要一以贯之坚持节约优先方针，更高水平、更高质量地做好节能工作，用最小成本实现最大收益。要把稳工作节奏，统筹好发展和减排关系，实事求是、量力而行，科学调整优化政策举措。会议强调，开展高等学校、科研院所薪酬制度改革试点，要根据薪酬管理需要和实际，优化和规范分配制度，树立正确分配导向，坚持人才为本，突出创新优先，坚持薪酬分配要同绩效紧密挂钩，向扎根教学科研一线、承担急难险重任务、作出突出贡献的人员倾斜，向从事基础学科教学和基础前沿研究、承担国家关键核心技术攻关任务、取得重大创新成果的人员倾斜。要加强薪酬管理监督，确保把国家的钱用在人才激励和事业发展最需要的地方。会议指出，要进一步深化石油天然气市场体系改革，加强产供储销体系建设。要加大市场监管力度，强化分领域监管和跨领域协同监管，规范油气市场秩序，促进公平竞争。要深化油气储备体制改革，发挥好储备的应急和调节能力。会议强调，要科学合理设计新型电力系统建设路径，在新能源安全可靠替代的基础上，有计划分步骤逐步降低传统能源比重。要健全适应新型电力系统的体制机制，推动加强电力技术创新、市场机制创新、商业模式创新。要推动有效市场同有为政府更好结合，不断完善政策体系，做好电力基本公共服务供给。中央全面深化改革委员会委员出席会议，中央和国家机关有关部门负责同志列席会议。,"Xi Jinping, General Secretary of the Communist Party of China Central Committee, President of China, Chairman of the Central Military Commission, and Director of the Central Commission for Comprehensively Deepening Reform, chaired the second meeting of the Central Commission for Comprehensively Deepening Reform on the afternoon of July 11. The meeting reviewed and approved the Opinions on Establishing a Higher-Standard Open-Economy System to Promote the Creation of a New Development Pattern, the Implementation Plan for Deepening Rural Reform, the Opinions on Promoting a Gradual Shift from Dual Controls on Energy Consumption to Dual Controls on Carbon Emissions, the Opinions on Piloting Reform of the Remuneration System at Higher-Education Institutions and Research Institutes, the Implementation Opinions on Further Deepening Reform of the Oil and Gas Market System and Enhancing the Country's Capacity to Safeguard Oil and Gas Security, and the Guiding Opinions on Deepening Power-System Reform and Accelerating the Establishment of a New Power System.

While chairing the meeting, Xi Jinping emphasised that establishing a higher-standard open-economy system was a strategic measure taken on China's own initiative to use opening up to promote reform and development. Centred on serving the creation of a new development pattern, emphasis must be placed on institutional opening up; reform of institutions and mechanisms must be deepened in key areas of external exchange and cooperation such as investment, trade, finance, and innovation; supporting policies and measures must be improved; and China's opening up must be raised proactively to a new level. The strategic goals of modernising agriculture and rural areas and building strength in agriculture must be firmly anchored. Properly handling the relationship between farmers and land must be the main thread, weak links in agricultural and rural development must be remedied more rapidly, and a solid foundation must be laid for fully building a modern socialist country. Based on the fact that China's development of an ecological civilisation had entered a critical period in which carbon reduction was the key strategic direction, regulation of the total amount and intensity of energy consumption must be improved and a gradual shift made towards a system of dual controls on the total amount and intensity of carbon emissions. Reform of the remuneration-distribution system for university teachers and research personnel must be treated as an important lever for advancing education, science and technology, and talent in a coordinated manner. A remuneration system that stimulates innovative vitality, is guided by the value of knowledge, has standardised and effective management, and balances safeguards and incentives must be gradually established to further stimulate the innovative and creative vitality of higher-education institutions and research institutes. Centred on the goal of enhancing the country's capacity to safeguard oil and gas security, reforms of institutions and mechanisms in the upstream, midstream, and downstream segments of the oil and gas industry must be advanced actively and prudently in response to prominent problems in the oil and gas system, ensuring a stable and reliable supply. Power-system reform must be deepened and construction of a new power system that is clean and low-carbon, safe and sufficient, economical and efficient, coordinated between supply and demand, flexible, and intelligent must be accelerated, to better promote the transformation of energy production and consumption and safeguard national energy security.

Li Qiang, Wang Huning, and Cai Qi, members of the Standing Committee of the Political Bureau of the CPC Central Committee and Deputy Directors of the Central Commission for Comprehensively Deepening Reform, attended the meeting.

The meeting stated that China's development currently faced a complex and severe international situation. The top-level design of the new open-economy system must be improved, reform of institutions and mechanisms in trade and investment deepened, market access expanded, the business environment comprehensively optimised, and service and safeguard systems improved. China's combined strengths must be brought fully into play, the domestic economic cycle used to attract global resources and factors of production, and the quality and level of trade and investment cooperation raised. Bottom-line and worst-case thinking must be upheld, the institutions and mechanisms safeguarding national security improved promptly, and capacity and standards for supervising opening up raised with a focus. Establishing a higher-standard open-economy system must be closely linked with national strategies such as high-quality joint construction of the Belt and Road, and China must actively participate in reform and development of the global governance system.

The meeting emphasised that, in implementing the arrangements made by the 20th National Congress of the Communist Party of China for deepening rural reform, efforts must focus on consolidating and improving the basic rural-management system, strengthening the food-security safeguard system, improving institutions and mechanisms for comprehensively advancing rural revitalisation, and improving the policy system for integrated urban-rural development. Breakthroughs and effective implementation of reforms in important areas and key links must be accelerated, giving farmers a greater sense of benefit from reform. Top-level design must be organically combined with grassroots exploration. Different regions must be permitted and encouraged to explore in light of local conditions, and there must be skill in identifying and summarising practical innovations at the grassroots level, with timely support provided when difficulties are encountered during exploration and innovation.

The meeting stated that, since the 18th National Congress of the Communist Party of China, green and low-carbon development, energy conservation, and emissions reduction had been given a prominent position. A system of dual controls on the total amount and intensity of energy consumption had been established and implemented, strongly promoting substantial improvement in China's energy-use efficiency and a continued decline in carbon-dioxide emissions intensity. In gradually shifting from dual controls on energy consumption to dual controls on carbon emissions, new systems must be established before old ones are abolished; the dual-control system for energy consumption must be improved; methods of regulation optimised and improved; foundational capacity for dual controls on carbon emissions strengthened; and the various supporting institutions for dual controls on carbon emissions improved, actively creating conditions for establishing and implementing a dual-control system for carbon emissions. The principle of prioritising conservation must be upheld consistently, energy conservation must be carried out to higher standards and with higher quality, and maximum benefits achieved at minimum cost. The pace of work must be kept steady, the relationship between development and emissions reduction coordinated, facts respected and actions kept within capabilities, and policy measures adjusted and optimised scientifically.

The meeting emphasised that, in conducting pilots of remuneration-system reform at higher-education institutions and research institutes, the distribution system must be optimised and standardised in line with remuneration-management needs and actual conditions, and the correct orientation for distribution established. A people-centred approach must be upheld, innovation given priority, and remuneration distribution closely linked to performance. Remuneration must be weighted towards personnel rooted on the front lines of teaching and research, undertaking difficult, urgent, dangerous, and important tasks, and making outstanding contributions; and towards those engaged in teaching basic disciplines and basic and frontier research, undertaking national tasks to achieve breakthroughs in key core technologies, and attaining major innovative achievements. Supervision of remuneration management must be strengthened to ensure that state funds are used where they are most needed for talent incentives and development of the relevant undertakings.

The meeting stated that reform of the oil and gas market system must be deepened further and systems for production, supply, storage, and sales strengthened. Market supervision must be intensified, sector-specific supervision and coordinated cross-sector supervision strengthened, order in the oil and gas market standardised, and fair competition promoted. Reform of the oil and gas reserve system must be deepened, and the emergency-response and regulatory capacities of reserves brought fully into play.

The meeting emphasised that the path for constructing the new power system must be designed scientifically and rationally, and that the share of traditional energy must be reduced gradually, in a planned and step-by-step manner, on the basis of safe and reliable substitution by new energy. Institutions and mechanisms suited to the new power system must be improved, and stronger innovation in power technology, market mechanisms, and business models promoted. Effective markets and a well-functioning government must be better combined, the policy system continuously improved, and the provision of basic public power services ensured.

Members of the Central Commission for Comprehensively Deepening Reform attended the meeting, and responsible officials from relevant central Party and state departments were present as non-voting participants.",REVIEWED
f25eccdd80c3014f6060be327576933acce3a9a444c8dd590b93b2e578e9d529,6月15日，央行宣布开展2370亿元中期借贷便利(MLF)操作和20亿元公开市场逆回购操作，以维护银行体系流动性合理充裕。1年期MLF的中标利率为2.65%，较此前的2.75%有所下调；而7天期逆回购操作的中标利率保持在1.9%。,"On June 15, the central bank announced that it would conduct a RMB 237 billion medium-term lending facility (MLF) operation and a RMB 2 billion open-market reverse-repurchase operation to maintain reasonably ample liquidity in the banking system. The winning bid rate on the one-year MLF was 2.65%, down from the previous 2.75%, while the winning bid rate on the seven-day reverse-repurchase operation remained at 1.9%.",REVIEWED
f759058e38162cb448fd4b557f049bee25afdcd46a61d31e31b4f7be354292d0,央行今日开展2370亿元1年期中期借贷便利（MLF）操作，中标利率为2.65%，此前为2.75%；开展20亿元7天期逆回购操作，中标利率为1.90%，与此前持平。同花顺iFinD数据显示，因今日有20亿元逆回购和2000亿元中期借贷便利（MLF）到期，因此当日实现净...,"Today, the central bank conducted a RMB 237 billion one-year medium-term lending facility (MLF) operation at a winning bid rate of 2.65%, compared with 2.75% previously, and a RMB 2 billion seven-day reverse-repurchase operation at a winning bid rate of 1.90%, unchanged from previously. Data from Tonghuashun iFinD showed that, because RMB 2 billion of reverse repos and RMB 200 billion of medium-term lending facility (MLF) funds matured today, the day therefore recorded a net...",REVIEWED
f76dc755fde6d22b69b1e6f3f1bb4f1f985135ce04b4501f451a207eeb27e90c,中国6月社会融资规模增量4.22万亿元，预估为31000亿元，前值为15556亿元。,"China's increment in aggregate social financing was RMB 4.22 trillion in June, compared with an estimate of RMB 3.1 trillion and a previous value of RMB 1.5556 trillion.",REVIEWED
f779c8671774cb8de34c7aff2bd318d2d0f158a0dbf624c2360f017d242f20ab,6月29日，国务院发布《关于在有条件的自由贸易试验区和自由贸易港试点对接国际高标准推进制度型开放的若干措施》，提出33条具体措施，旨在推动货物和服务贸易、便利商务人员入境、促进数字贸易、优化营商环境及完善风险防控等。这些措施将首先在上海、广东、天津、福建、北京等自贸区以及海南自由贸易港实施。此次政策强化了内外资金融机构的平等待遇，并简化了航空器和船舶的关税政策，预计将提升外国投资者信心，鼓励外商投资并降低国际贸易成本。,"On June 29, the State Council issued the Measures for Advancing Institutional Opening Up by Aligning with High-Standard International Economic and Trade Rules in Eligible Pilot Free Trade Zones and Free Trade Ports, proposing 33 specific measures intended to promote trade in goods and services, facilitate the entry of business personnel, promote digital trade, optimise the business environment, and improve risk prevention and control, among other aims. These measures would first be implemented in pilot free trade zones including Shanghai, Guangdong, Tianjin, Fujian, and Beijing, as well as in the Hainan Free Trade Port. The policy strengthened equal treatment of Chinese-funded and foreign-funded financial institutions and simplified tariff policies for aircraft and vessels. It was expected to strengthen foreign-investor confidence, encourage foreign investment, and reduce international trade costs.",REVIEWED
f87dbb9bb632e3bcf57b983fef30c1d1b789f0a87ca3475c248be9b00f09f3ca,2023年6月20日，中国央行再次下调1年期和5年期以上的贷款市场报价利率（LPR），分别为3.55%和4.2%，均较上月下调10个基点。此举是因中期借贷便利（MLF）利率的下降，旨在增强逆周期调节能力以支持经济增长。专家指出，LPR下调将降低实体经济融资成本，促进信贷需求，提振市场信心，并可能刺激消费和房地产市场的发展。同时，这一政策反映了货币政策的精准性，有助于稳定市场预期。,"On June 20, 2023, the People's Bank of China again lowered the one-year loan prime rate (LPR) and the LPR for terms of more than five years, to 3.55% and 4.2%, respectively, both down 10 basis points from the previous month. The move followed a decline in the medium-term lending facility (MLF) rate and was intended to strengthen countercyclical adjustment in support of economic growth. Experts noted that lower LPRs would reduce financing costs in the real economy, promote credit demand, bolster market confidence, and might stimulate development of the consumption and property markets. At the same time, the policy reflected the precision of monetary policy and would help stabilise market expectations.",REVIEWED
